on_first,on_second,on_third,outs,pitch_count,ab_pitch_count,prior_px,prior_py,score_diff,hand,a_global_PP,b_global_weighted_PP,c_40_PP,d_120_PP,e_360_PP,f_PP_to_batter,runner_on,weighted_runners_on,prior_group_pitch_type,count_,home_or_away_
0.010308331159210796,0.0062518504664375255,0.0016055239104392901,0.009609798860958784,0.03459238282291363,0.0166029778144852,0.03259046343934582,0.030306509020238938,0.012317435480707037,0.008321089589254335,0.19555068576808915,0.17611752226894992,0.08917280007549491,0.10315875426970543,0.09510418070971187,0.11248482621872533,0.0066543691019759045,0.009200335228549057,0.0159929154335952,0.030536007220609087,0.003521241140602787
0.005605030971774884,0.0035324519429456047,0.00265248845172234,0.011743408594407184,0.04216009503413952,0.027807382376037824,0.054616870302816825,0.04702760282359415,0.02024289006807149,0.017361170884240162,0.15631393865125456,0.15127066058254587,0.06580781374819594,0.07277365287020851,0.07968892928963728,0.15608454607345448,0.007980604460878912,0.010556797876490892,0.01268907741711631,0.047165164977326916,0.0069194226031404115
0.005421215599044884,0.004419135577634903,0.0026886031355770057,0.012365924217907212,0.04006637183561202,0.025713782103967176,0.04514987187982763,0.04601674443621799,0.0198468676576152,0.04470080928963525,0.1292839355157948,0.12485413539875174,0.07894847051178952,0.08194248782018908,0.0857163833469343,0.1549705352248647,0.007928071249115752,0.011260804749663102,0.01924193691379916,0.053618417453543316,0.005845496082515238
0.004755868946592358,0.004288758233317089,0.002854978637059067,0.011192400233299822,0.038174776590037006,0.02265246340174332,0.04286666943318393,0.0420010402444692,0.018022180041891205,0.010830490182058344,0.1517465803006146,0.15635264285735004,0.07582405422263623,0.08030661941052122,0.07778064332188626,0.17672038041836333,0.008719957599983879,0.011271588773951518,0.014135074578610156,0.045505089448574176,0.003997743123857244
0.005061675939000252,0.0036924148142387157,0.002924303042584457,0.01160933958482561,0.04299962450338317,0.023119062735958044,0.04238998938083997,0.04250554253552213,0.013200084725626816,0.013383931653636777,0.14421468243927407,0.14089612406484334,0.08707009699641352,0.09021224762728404,0.08983459065088972,0.16630351862899365,0.007963889003361802,0.010842690348756184,0.014686176752286697,0.043365532919360496,0.0037244816529205024
0.0019076565388115316,0.0015581191116843716,0.0008329806492545704,0.006378365422018693,0.02392793224011263,0.01202211664128771,0.0224149346129658,0.022943316095535536,0.009395786520320342,0.003885930815692213,0.19107515125668292,0.16508921005031996,0.1865424936661979,0.09529195092656292,0.07795482462570126,0.12234607385995015,0.0038379916694663532,0.004940905011236867,0.008305905562101866,0.03708318106744938,0.0022651736566469184
0.005328732178896032,0.0055716027515979715,0.002590105591495017,0.012484655084365859,0.06115245875517857,0.026172436517609626,0.04861158232041477,0.05049666991057702,0.017290894256817662,0.007957828793716277,0.1258508676704462,0.12475308973793,0.07957779866044322,0.09091833307611913,0.08955899687306904,0.14762812146235255,0.008783221928885209,0.01168517097425962,0.0361835569669233,0.042369814628673695,0.00503406186022925
0.004788884237708355,0.003846795777684399,0.002575349362753141,0.010669465076965996,0.04860525450946996,0.0290728568936225,0.04117646736710008,0.04448036690904938,0.014418731347724643,0.005124169996277181,0.14052898894611132,0.1397258343849897,0.08426684695211131,0.08755224895544543,0.08811785070032004,0.17635120435784665,0.008123942250575288,0.010864131170635873,0.014317436978525468,0.04185123522588347,0.003541938599199815
0.00673484211383985,0.005884055002688443,0.0038335529030911063,0.01675347913775522,0.053726633415857504,0.030726835346798976,0.05979221782948886,0.06348609595186606,0.028185243333573924,0.015676734635866885,0.1217932846024475,0.11992022119808393,0.07092848494995327,0.07761288834698422,0.08165840509573097,0.13115398408169068,0.011954889218300737,0.015727739919041712,0.011916686962742788,0.0633646079522496,0.009169118001947809
0.0048458973925445395,0.0045631957824767274,0.0036115322644151905,0.009788633973670273,0.03311698167985168,0.02004300780664275,0.044712261062992135,0.03999980988855974,0.01903571239066322,0.019063542453249656,0.1771468301935174,0.16789720131568625,0.06750148829637104,0.07045371215760708,0.07621874870001821,0.14964028276696514,0.007173098476086526,0.011088480648493364,0.016743287860068404,0.05226018779153254,0.0050961070985880794
0.004297218653026941,0.002991927037853278,0.0015667167629771744,0.009757096078395415,0.038270716699693,0.02399907942402276,0.04186903124705628,0.039588571082877486,0.01169222803275836,0.02082767553213808,0.14050407952216964,0.14116889518557574,0.09025248386315138,0.09399826029727752,0.09308816824333774,0.17552598269031694,0.006076751221286045,0.008175842299127859,0.015543813048021072,0.03752282371031294,0.0032826393686243584
0.004422993264715724,0.004250939992912759,0.0025268869447751803,0.010570283099227158,0.04348175060415098,0.022945301712820446,0.04297321382599506,0.040460935210600235,0.014543311628487763,0.007399245828569677,0.15913650144756405,0.16013995381384005,0.07754016850339776,0.07988263521206007,0.08000709106789676,0.16737238604959112,0.007255801899301248,0.011034222704096016,0.01530651305427676,0.045295748030552745,0.0034541161051684557
0.005423697578603075,0.005506243653424765,0.0025795941450817003,0.012757476093326814,0.05558584495691482,0.023787717696710432,0.04581314212528964,0.043515565835514566,0.015513797335722604,0.01595972938422095,0.12430345660742127,0.12551556043289033,0.0777634534701474,0.08508918599772175,0.08914030469527755,0.1477979064296568,0.008435832047695402,0.01289668090562352,0.014780587333268471,0.08220388471409623,0.005630338561391936
0.005366805469756858,0.004075245216540209,0.003198787796934869,0.011000954345650368,0.03808208266261452,0.029178452162491313,0.03997479496965122,0.03982388975957113,0.01958243299884812,0.02060292855052237,0.1497540347454233,0.15215604966373156,0.07903206205017571,0.08485490483933562,0.08285554470460342,0.16754926169369622,0.008044988824043118,0.011710539227295352,0.014156848569158428,0.033391875164511295,0.005607516585445034
0.004914093789372272,0.003974966705078806,0.002549986391947416,0.010395362721132994,0.043270366429304895,0.023247465807533427,0.04204924224600271,0.04192656696713918,0.012357971936757148,0.015506484213575785,0.14411363313194853,0.14330915922882612,0.0849231244816104,0.08882482516522595,0.08949558181276918,0.173898539275804,0.0077358532626092425,0.010157819374937413,0.01613006024819286,0.03741197741579985,0.0038069193944318585
0.004735600597534655,0.004145697452694195,0.002340420500858489,0.010651053059770405,0.04738264602238303,0.02263413210842316,0.0413828653732687,0.042600820457045,0.013501109623241405,0.007783874287409202,0.1410265690501059,0.14442337598845434,0.08069327393109403,0.08853791922011789,0.09533101735116334,0.17247844477213198,0.007489359582287242,0.010086917073753969,0.013982063030665893,0.04492665717828096,0.003866183339316175
0.00585724444430494,0.0038637421661845647,0.0031725197344093393,0.012973326030627706,0.05749096395702121,0.026976984500954187,0.04815407188741549,0.0487642416265585,0.01998010338974145,0.00866294398355499,0.1283545454058964,0.1286521541158993,0.07246970550576277,0.08134935079408125,0.08148839534939922,0.15071817591366282,0.008039309154159152,0.012070041164104442,0.013715319128029556,0.08212775096266904,0.005119110785563684
0.00434114551984614,0.0047404775126558794,0.002266535174664116,0.01078239151523154,0.03339032744300193,0.023191193550887185,0.03881166204786195,0.03936776298711868,0.015040706282320375,0.007767425032507625,0.15515339627310812,0.15525358363625727,0.0779811789002761,0.08788916295628077,0.08446331173454799,0.16503390174656135,0.007382462229715438,0.010200822394132995,0.016801566952119432,0.0557084813222002,0.0044325047887049385
0.0059110446040432476,0.005140476135689168,0.0029140350731205987,0.014085276319930043,0.05339584436543477,0.02400288201899036,0.046847489077348266,0.04559163645950138,0.017507797212788594,0.00885706477097716,0.1302967698448912,0.12975526319452407,0.08597033673811046,0.09158985192348792,0.09691538370000104,0.15175252963835115,0.00887515906024848,0.012172869975469984,0.016088563224464274,0.04719464778153944,0.005135078881088402
0.004334015342828783,0.0040324641399025465,0.002689684106934009,0.009403866231025732,0.0346214460960886,0.024786698811429576,0.039979731631407465,0.03357913230037825,0.014588437390539354,0.02126580974280696,0.1513434300987367,0.14921515559996845,0.08605128365003574,0.0816287880478403,0.08841160455029394,0.17077629651562493,0.008153560425764369,0.01050294583531463,0.014237862486169544,0.04650726199668095,0.0038905250002292282
0.00444723744465432,0.002991880139452617,0.0017775356953916711,0.010514232721182496,0.04504709070548096,0.0221532377443672,0.039651745175657935,0.039848375173947265,0.013593484850944255,0.006679368579656697,0.14395494358901326,0.14602917757503595,0.08131271544324456,0.09110432411702996,0.09300231543914364,0.17713160892765706,0.006295440784742079,0.008501113036321317,0.02124979560082746,0.04100790080721956,0.003706476449029825
0.006373866667176249,0.004791150817940336,0.003735265250800066,0.012862190644522578,0.050757886526314674,0.029963804213823983,0.043906321556896465,0.0444439219021274,0.018500744704359397,0.01454902151177454,0.12148745729131435,0.12478993514967095,0.08402249280031032,0.09035884215938968,0.0954088175436416,0.15033539216796307,0.00969228209610078,0.013771214117354644,0.014525511690046984,0.05991912011269278,0.005804761075779109
0.004012328197227777,0.00320550041352987,0.002709314857284593,0.008539647033218311,0.03496960380533047,0.02146562612739881,0.0335196001391509,0.03227196272823615,0.00971736781726438,0.005865286584311744,0.1590603576971741,0.15386962772479046,0.0889403622260168,0.09183271972078233,0.09433736588826216,0.17828530021692232,0.0074559636614260185,0.010340212162365548,0.01814338676344718,0.038346390569107235,0.0031120756667528983
0.003941165910000721,0.003738653810919587,0.003078149534579823,0.0109069684332321,0.05165509974531576,0.02307263615830612,0.04074685071311545,0.038664763000303526,0.015668550887918638,0.008624490050635921,0.14010820018906528,0.14187574287524538,0.07895653069021759,0.08780008136029048,0.09189582319865523,0.17210157458416214,0.006987285604421527,0.01311139513250915,0.02589012134789001,0.03699748040222038,0.004178436370995196
0.004335701236452052,0.003087354412564329,0.0018722412714627114,0.009093574440448391,0.037902262355683405,0.024014166428242938,0.0374859353952809,0.03784225559285497,0.012139900331455336,0.006793392043127182,0.15418196044219173,0.15523669869431855,0.07955559528887235,0.09013154423506343,0.08995880546244944,0.1853575434058161,0.0060204314315589645,0.00826429957361863,0.016497235318421913,0.0373787748698074,0.002850327770309223
0.005078997224305125,0.005254423513271739,0.0058317472967350115,0.01272576146759157,0.04546202102632135,0.02498868213084515,0.044694762347607615,0.050700767384652186,0.020055813305331183,0.01568138900019657,0.13192537526215084,0.133502925182918,0.07207155986750666,0.07932034912937085,0.08180359209802927,0.15317748999214026,0.011294322321090105,0.016409708026092727,0.03991626273144215,0.04255611108425388,0.00754793960814776
0.004734395398557681,0.003439852041019637,0.002975830402750095,0.010271335159997884,0.03764959784544857,0.021962496159634158,0.042036729849722586,0.041588064352536494,0.01001111045451547,0.011171716771866343,0.15209630275246205,0.14777728400906628,0.08530673748689699,0.08605573581973185,0.08517011216752975,0.1715234859636702,0.007327083016235443,0.009800875096592766,0.02165678569844844,0.04351148728815089,0.003932982265166436
0.003767493524215555,0.003341105107223806,0.002256397223893908,0.010867299614119951,0.042960170541654005,0.02277121233283441,0.03830085170379409,0.03713508323043215,0.012289748646217355,0.020206368170199118,0.14969988561429629,0.15023244641617875,0.08039056472168016,0.08107672910212713,0.07913450311333703,0.17415934724948146,0.007271081630905939,0.009546071855369391,0.0177515418926616,0.05319016880922586,0.003651929500152074
0.00507958336472507,0.004563359976674192,0.003573388257998722,0.012599563579061055,0.04229690165876002,0.029004801920067706,0.04675258650098232,0.05019216326220029,0.02221266360764515,0.00859319901777306,0.15869883140965008,0.1587528554334232,0.06051665456859815,0.0677881487410916,0.06688212137474628,0.17257318827834772,0.010040262387590265,0.012565141641537048,0.013511602783036756,0.04786494747676071,0.005938034759330586
0.001252132994727657,0.0012599754112586758,0.0006890857891489957,0.0044540125912577964,0.0133361213518817,0.009924643250060984,0.018788639240492937,0.017700658179416538,0.00792228365361156,0.00399598019772506,0.25781568691993484,0.21498381604244785,0.12652058777186767,0.0931141335668643,0.1076414064866569,0.0866123906977712,0.002039982322732745,0.002662703047712127,0.01156131859619162,0.01557612195826148,0.0021483199299774146
0.004554616128060853,0.0025469769704816753,0.002133703706102491,0.00872694600881413,0.0334681027646702,0.021938556973938785,0.036228152901288425,0.0365217143251488,0.012190378881393052,0.008557044542760912,0.17119305797723436,0.16487498651415966,0.09096472312780347,0.08222947986383376,0.08753335392423707,0.16080703365812524,0.006792289450625348,0.008644148502671006,0.016122883291109613,0.0405442475734555,0.003427602914085629
0.00427186343255504,0.003471054197559257,0.0027623091161836553,0.011079218678298109,0.047418922005821686,0.02111496011823773,0.04122255992605363,0.04298389946343805,0.015015648510831653,0.007347911190724268,0.15172020229214345,0.14975482059334325,0.07755458454921038,0.08487398378792667,0.08431295962420475,0.17103628849964236,0.006722507695454158,0.01009544273780074,0.018136408672449318,0.04525871490089387,0.003845740007228013
0.005717338092826483,0.004507978304477618,0.00338239717745736,0.016180059724507666,0.0384527558534829,0.03465266297749938,0.04697642611998213,0.04253625016785099,0.021184730938401716,0.008551560924163289,0.13379667060687514,0.13240064106655894,0.0865607407816553,0.08904049210230203,0.09402244757815027,0.14712889570196291,0.009988256917162435,0.01213734311039709,0.014940983335222388,0.04983008086442789,0.008011287654636134
0.003426334325876193,0.003825995489185832,0.0040400243970714535,0.007527784222944344,0.023499791838950103,0.029853527756068705,0.03077586063195433,0.03520810399030415,0.01339258668691104,0.02103644538112604,0.15496940174318852,0.14519577367937064,0.0915428499579702,0.10557031191792274,0.09645804937224912,0.11195500672765572,0.007555346451306991,0.011588045163812708,0.0268148556344101,0.07215490317982874,0.003609001451892277
0.005428583109668194,0.0050129852696305975,0.002851124485562364,0.010509324808233259,0.047037351677899734,0.027519745631667803,0.04108136077384249,0.0379225059977531,0.015330489415118245,0.009938375120881715,0.12858527718389082,0.129247181374175,0.09076349406802003,0.09705203364108632,0.0997426257076785,0.16139401569700773,0.009150482131617454,0.013020409129864395,0.016528148452515563,0.047594250747333734,0.004290235576552963
0.0046942500231994064,0.005230457560038893,0.0035804876113428898,0.011763749524219772,0.037497521217003185,0.022394927116386912,0.04361830112959219,0.04351967219364457,0.02396198390480387,0.023532540657083916,0.1376785845409133,0.13009477135267128,0.07501138553512163,0.07832788604778516,0.08356920271724802,0.15751246425695534,0.010179343193871314,0.0132212405544781,0.015556710022708488,0.07252858825421939,0.006525932586712446
0.0048944640676705405,0.003621143636782061,0.0030586518176308145,0.010173824957346578,0.03880733097454679,0.021803440591796786,0.039876885152030604,0.04364726809719869,0.01797199545016319,0.006003617890191079,0.16643315170637193,0.16922835502007186,0.06682491152665088,0.07179331859865515,0.0821767462748238,0.1718620311051338,0.007874193065514427,0.010782094003267793,0.016169204919677986,0.040430634544239584,0.006566736600235728
0.004365768033436448,0.004058783729517002,0.0023725537607385268,0.009747334672714644,0.0342918923438906,0.021614111255338967,0.027907208160918053,0.029787864193877293,0.013365176923896415,0.010748250755099224,0.1351604064943888,0.1376728477366541,0.09162098163193824,0.0970915610928481,0.09791796774204406,0.17056981696291298,0.007391336009224829,0.01108285669024223,0.02789322669986435,0.06035766697311081,0.004982388137344336
0.005682176512309526,0.004465118200454935,0.003254430845258244,0.013235880507307049,0.04558613197371232,0.021388108343826588,0.036178902178498035,0.03659073196303629,0.015887884866123102,0.010479721547956358,0.13807330599402698,0.13751095269914565,0.08640020725066155,0.09231419085287536,0.0907081944220872,0.16366482003940094,0.008606324036992699,0.012696381034609395,0.018406848388027384,0.05391510008045551,0.004954588263234839
0.00499150333670067,0.003844780070047432,0.0034502228942018646,0.0110505865916226,0.03771828876922898,0.02378845991508339,0.05092772252715402,0.04304317431518797,0.019751238650122738,0.0831450322364966,0.1277231408065967,0.12826431314415612,0.06699902560690373,0.06991395171640112,0.07693173143981873,0.17232113592156098,0.008574839160245646,0.011834561103221735,0.012384035543659844,0.0384557159843376,0.004886540267251508
0.004721543195661981,0.004351987398138084,0.0022886010127824074,0.011216399435041987,0.052689585504554666,0.0233545470625685,0.04543334254224474,0.04272378906439837,0.015371129884809497,0.017735841528292225,0.1484827936640789,0.1536190939783833,0.08030864617038297,0.0880170390137811,0.08531229189277434,0.14562215126058906,0.00780353387262965,0.01028595590319604,0.01491968140332475,0.04118948114971105,0.004552565062656382
0.0036002739326909962,0.003291835778145972,0.0022217916719441213,0.009365331434885013,0.03731692909653392,0.019407293622725683,0.03334391411732656,0.035543391861561496,0.012111903160219798,0.008230442002416679,0.13724943245978571,0.16071391651351852,0.10819773811997596,0.1043472862865828,0.10516720959848763,0.15086510107769827,0.005947288958502089,0.008061756918199447,0.012702433556981104,0.038916070289471416,0.003398659542346795
0.0052251915162641405,0.003773749938511174,0.002599856924294301,0.011254317176948556,0.0407638835681622,0.026038418017781974,0.04999774382293935,0.04739731527514883,0.016718727384322608,0.008878721675287688,0.14943768783724687,0.15435816991839346,0.07833061692782628,0.08095869443353759,0.08491635024104482,0.153544463048815,0.007717807022100417,0.010819529942502584,0.01588855265042994,0.04523861129823343,0.0061415913802087595
0.004200320972932078,0.0034648411196196625,0.0021943708882781877,0.01049852183444318,0.04224608581024169,0.02280867656210731,0.04221385414863372,0.04109154280133495,0.012496055981054568,0.007568386030182392,0.14180184164175413,0.14286116248446956,0.0858948750273645,0.09252748245902684,0.0931001709174586,0.17516187486598994,0.0073671887255385895,0.01010679491259488,0.017180994072638296,0.041233394518902185,0.003981564225434771
0.006182628811687398,0.004008546142573443,0.0036510663507171226,0.01279180452266137,0.04025898352440803,0.0255001824087566,0.048268915039945584,0.053104600592634665,0.0289705077454236,0.015547131356023706,0.13829629852692366,0.13943124194445994,0.07101517754580187,0.07867429306819151,0.08213579674012407,0.15170549417333482,0.009226032024890935,0.013103532405983364,0.013709013512677698,0.059349936960803686,0.005068816601976896
0.00392073775524626,0.0033526572349993865,0.0021171263248625084,0.009842187538386815,0.04037478499749873,0.02157334281635867,0.03654123524097277,0.03410027388529308,0.012634357089780926,0.0060814288236870325,0.14740630976178482,0.1489550306719134,0.08638735617351015,0.09494743750758,0.09790320506555912,0.1824884877429463,0.005985986629971461,0.008617967319252597,0.01675161783872986,0.03664852994300831,0.003369939638657793
0.0072857205487247825,0.0041185458910299386,0.003248865427404127,0.010441061495089592,0.034176942183658424,0.020448689476588844,0.04080362373835862,0.03719661258210953,0.02050833851978736,0.009576292002641191,0.15507827915698025,0.1563525441638313,0.07334081811609389,0.07951312304658884,0.0793723530653953,0.16480517478970216,0.010128128176512808,0.01366597176121567,0.017408288781807564,0.057786332221601185,0.0047442948548787
0.004327278573799546,0.003313968516976133,0.0021210877889100747,0.009725622827876786,0.04066183243253155,0.022898825896119558,0.039325956971341634,0.0402032282015249,0.01376896614877095,0.00903787456717822,0.15656029085402068,0.15729931427257007,0.0783649499866475,0.08665428742087583,0.08941931022545857,0.1749205825200664,0.006827701240862056,0.00907391326930077,0.012045147874624152,0.039947522237641975,0.0035023381729027392
0.006901530098775042,0.0047540974405315935,0.0029168689205094967,0.017768093931147682,0.06577651001352762,0.03429637561574509,0.061777669628241626,0.061305661548276325,0.02647756069721704,0.010474411176916072,0.11945978888575852,0.11798114350382438,0.06817622596542366,0.0778774201152044,0.08180867036548256,0.13619024964790286,0.01084957529942481,0.012970221558064616,0.011188885779405295,0.06155717838132532,0.009491861427296041
0.005780938247489856,0.004343620204027523,0.00259663190297939,0.012510384560333005,0.044914992413395256,0.027502587333092236,0.05189786345454269,0.049590627942811265,0.0205601790050334,0.02440910861627528,0.1453727698754982,0.14406292501310153,0.06659194000671671,0.07586190135338786,0.07788345529345961,0.16236408091503116,0.008577340750596813,0.011259124205845548,0.008553419745743227,0.04938599916132713,0.005980109999312375
0.003671652217503007,0.004276010439411429,0.002242861984217005,0.009830941530290164,0.04420867475731595,0.022204094926186337,0.04072291699748688,0.045235537684030006,0.015005341755490231,0.023576838351179626,0.13674504294515352,0.13811356231245292,0.07658502135366926,0.08611853392945593,0.08871135109661303,0.19170948213774808,0.00593826895553814,0.00950541691665916,0.013084895314831587,0.03848897999183008,0.0040245744029377105
0.002988542136866506,0.002682920079102328,0.00271632594868245,0.00748815176907507,0.02773463406651409,0.02256932646612972,0.029480679219401014,0.029289568102115717,0.012058522928797144,0.007483781683356024,0.19804753624316296,0.20027942022189799,0.0728719458018157,0.08065216323095735,0.09277526631332583,0.12728529943343148,0.005830460601933497,0.008747270003600201,0.013978439098210515,0.051208242420763966,0.003831504230860296
0.004322510349010123,0.004135043074966377,0.002260195240911636,0.011431560953647292,0.04207303891770084,0.028226467812192124,0.041457141404518234,0.042234702868794494,0.015291403744158182,0.007036773576006393,0.14579797197184596,0.1461587644397201,0.07701505347699142,0.0858181244523046,0.0903940932951794,0.16882360768371912,0.00749966721407275,0.011325517834041713,0.0162733648749162,0.048545702212110624,0.003879294603192501
0.0035112588449382324,0.0023040162720783523,0.0012479267911850547,0.010086739412590742,0.04763853830952245,0.02503584618003259,0.04237104036849328,0.04094212365889688,0.012345930838623,0.006057841073161742,0.15163995117076845,0.15148739012336587,0.08217916454403185,0.08662128713708273,0.08926304768027779,0.17322004350950318,0.007193219208076744,0.009021336588919118,0.014874807796513982,0.04001240823267817,0.0029460822592598033
0.0045584833794191605,0.003754375895388418,0.002283484595725541,0.010117852119140666,0.046134050171627805,0.023330660643222784,0.04222247753573105,0.0423883423036149,0.013288206371225386,0.007676810376647097,0.14760407814262388,0.15003288713442864,0.07912938818292996,0.08572469442426686,0.08992842716071398,0.17580914427680427,0.006434235541521558,0.00988987192000828,0.01629463354492605,0.03975084320857923,0.0036470530714545132
0.0033786551133594797,0.0022980418544290924,0.00201590042711572,0.0114380420071443,0.04411730046560256,0.02532237598774357,0.04370138323584142,0.04521310037732063,0.01345029150356808,0.008776946072026445,0.15434603152948706,0.1541223044611162,0.0788174195639623,0.08260201844352658,0.08751225334122055,0.1677289362400088,0.006128901741807998,0.008695615312882609,0.01488353977329336,0.04117426048113989,0.004276682067403359
0.005621589403635357,0.0042317738367520785,0.002738806598004945,0.012463695347788977,0.04863313779072667,0.02166042510117188,0.04729281119663747,0.05017514532613234,0.01938469289531151,0.008183420915181075,0.14051883019390835,0.13663268030649406,0.07769494778318367,0.08541030393176108,0.09154835876511047,0.15295973873980004,0.008660747616880146,0.01206199588560029,0.013100712595894456,0.055690827783654535,0.005335357986370659
0.005252264212069721,0.004101806216614694,0.003144368290118188,0.01251762957725518,0.03521957254262021,0.02461029121005841,0.04438257405297345,0.04745059804690084,0.020590508186710748,0.008099011099572558,0.17189063824757003,0.1764502219668021,0.06459912810980196,0.07311736198907268,0.0758277336811385,0.14934871241438702,0.008059747835308734,0.010803770964241515,0.012902846387258318,0.045922440109568856,0.005708774859956269
0.0035375030306390096,0.0024589588452877827,0.0016488128506427044,0.011140193717467498,0.04287682658376993,0.023855701639937152,0.0403074774951559,0.04076744841950144,0.012189056089141462,0.008099791841676125,0.15037692551471998,0.14970710128887293,0.08678482676777,0.09035173104460567,0.09089008170435063,0.1692278731361679,0.006337232887701885,0.00831173375251548,0.01977884632697612,0.03688396849103102,0.004467908572069303
0.006124450974370377,0.0035113621645673416,0.0027540029741280943,0.014820631811215243,0.04693325659140051,0.039300154251490485,0.05551997335239922,0.0521245212442896,0.02561924207460949,0.014762707218835547,0.13608977244958625,0.14228959612227474,0.06381943324649299,0.07452820673742311,0.07623354833309848,0.13713358149659846,0.010210402351135996,0.011539162134130207,0.008892248433622123,0.06902913357223929,0.008764612466092439
0.005826950978349749,0.0046879202412869496,0.002407174664673288,0.012552260978880049,0.037754494756559835,0.02187467628532517,0.046018212702829416,0.051314833107863264,0.02092911608449769,0.011317197965893307,0.1334643958883974,0.13649372631407694,0.07771070212153312,0.08480358584118672,0.08750045111494326,0.15447696647835568,0.009186148295316854,0.012341190274664895,0.016832112911595056,0.06556206018101328,0.006945822812758111
0.005709587776738579,0.00599617818348766,0.0031110793538647037,0.013277700346457571,0.04925957032208656,0.020947506487514502,0.047315707480297266,0.0490769342152886,0.020233447987439156,0.009187005799267688,0.1252597489359784,0.12563959367323413,0.082434279413981,0.09009321176693587,0.09687552012773844,0.15122462185164567,0.008440704631424063,0.014086477602092548,0.013592218433503635,0.06194348927904018,0.006295416331983756
0.006734029714473263,0.003203666435966338,0.0021012087096718745,0.009901217024388084,0.0487583257452233,0.031378091653945325,0.03862879393093056,0.037658532909717365,0.013718518707965385,0.011850622841027655,0.14307925549970668,0.14222699525073754,0.08179996210791557,0.08787833527423558,0.09071449950669558,0.15732385464940402,0.006910661714449718,0.009503286649893644,0.019427515433423557,0.052706003026199176,0.0044966232140298225
0.003921459896236529,0.002652086810667182,0.001723339826943762,0.010276057426417759,0.036844095629533384,0.02205622198010454,0.035081949569774326,0.03589384459973294,0.012089404205058786,0.006305216277607295,0.1590876276306663,0.1578781825789148,0.0912300433592428,0.08968590867500932,0.0886718352463468,0.17577512504661302,0.005816248329264964,0.0074458652000974,0.01582738163808854,0.03721873108744286,0.0045193749862367134
0.0055343487170713005,0.006055588116409997,0.003555765131073796,0.013115321141613326,0.04360821594176478,0.024487759065898458,0.052158599158613615,0.05650567284785925,0.019556907107503817,0.012392719650346351,0.13916983919581646,0.13477861815568534,0.06772603851987853,0.0770258912199397,0.08404986481644733,0.1422827828362827,0.00916364954874773,0.014253847635651462,0.015302327108856215,0.07336441028622101,0.005911833798318821
0.005389666280587288,0.004247114360886127,0.002582524028629996,0.010924229102457451,0.036904927824646,0.03184128331183923,0.046937220115080065,0.04561140396130669,0.016605331167749832,0.014357941148075147,0.13297621971896295,0.13345462483149767,0.0875141862755889,0.09250047239865022,0.08992961458838468,0.14893311684778554,0.0082496690113172,0.0107936690391734,0.015052278451194338,0.05243593753282439,0.012758570003362923
0.007961460929282424,0.005439326663607321,0.003629704066493969,0.013590923146562798,0.04058742362612669,0.029813772801011895,0.04742259998628884,0.04757654595896044,0.02350677091126041,0.008513319634633084,0.13728584619020154,0.13962977355424214,0.06953304393649178,0.07721219517797731,0.07943880315695159,0.15515417408807816,0.009193022102531144,0.014529353849384209,0.014010151204296587,0.06867958901236991,0.0072922000032476595
0.0045051994520757714,0.003413199188867515,0.002698974754910576,0.00985095085863954,0.029950927909803905,0.02234582990653137,0.03179045143305497,0.033551669470036544,0.01656429338346037,0.01948367936980872,0.1448405207465359,0.14905999102520692,0.08737299504481852,0.10298094006488356,0.10208076214916202,0.16036304475635932,0.007477856199761723,0.010842846101750549,0.024334313677218857,0.029827214110622433,0.006664340396490912
0.004973413996976099,0.003742523391580197,0.0024674711904680963,0.012657986230752958,0.054731447619719216,0.02853081740922671,0.045914149318922085,0.04578393618143405,0.017996053377682404,0.011125341198052054,0.13263867105931698,0.13324792371857155,0.08534154536688987,0.08795146755373551,0.09228688106216447,0.15120211679483628,0.007327313468823401,0.010261401641312704,0.015076809608549771,0.05172716096303771,0.005015568847947932
0.0048081719714511435,0.004083372351144772,0.0032848108093426003,0.011273338991623241,0.037189448523295816,0.025190640553886142,0.040804301818648164,0.045993401362922,0.017061291920126537,0.013670515702456223,0.1514167532197586,0.14790472894057646,0.08368980724559169,0.08168575748970669,0.0793718451947801,0.16857846668560175,0.007501990237118861,0.011356073069902451,0.01652262854992273,0.04385670965868738,0.0047559457034566715
0.004932442447978089,0.004321381297263114,0.0024642266548419627,0.01018455823187675,0.03363743898816873,0.02068269400629815,0.04029991607640561,0.037305183115048365,0.021548510643519987,0.017185611693661142,0.1550451952957856,0.1539079967676582,0.07134182002419455,0.07907185101808767,0.08621405994422016,0.1560869678483633,0.007726105646747449,0.010632201013216828,0.0293321892193611,0.053161495228458686,0.004918154838844639
0.003671809712890268,0.0031929680589758034,0.0017500722410529039,0.008810953410792056,0.030212226263659787,0.020379116345804783,0.03147198840882158,0.03168406534220211,0.010249986558226464,0.006292851910936354,0.17295594073528753,0.16624312284773818,0.09135815029841904,0.09230504788208076,0.08486621340874348,0.17546457714927785,0.006328157279546585,0.008609650977427297,0.020333245373978667,0.03076346347006948,0.00305639232406898
0.003549786181713988,0.0027916946624023447,0.0028710580328173943,0.008799568692314552,0.03220828859244558,0.0233276055311246,0.03887878276814155,0.03848270407392601,0.014177966996022081,0.006908526834106614,0.16194066218696934,0.1629140660181015,0.07289769826314248,0.08341363143659469,0.08517203697491801,0.18681348806511044,0.0063692945837154295,0.008894626172899765,0.014946292652310709,0.04059924351863636,0.004042977762586538
0.004276038650948573,0.004057606338841853,0.0021855029734829407,0.009477140300589158,0.043940116967122536,0.02231180465579181,0.0430835170595845,0.042006930114895376,0.013144936621947259,0.011429243635780151,0.15905003429502074,0.1600287708783849,0.07464219611862218,0.0806944456030275,0.08063008016321395,0.17203425254447585,0.007755728087269808,0.009982691228015608,0.014116530900672284,0.041963170362881136,0.003189262499431846
0.004052626510208467,0.0041519418533965706,0.0025207353771165425,0.01025692802157966,0.041394298551410365,0.021063073972135683,0.03822184769025717,0.038417301988759804,0.01200691449738502,0.007379121165970772,0.1563848533507015,0.15873745525795432,0.07997536777805589,0.09034500048200997,0.0904541671749974,0.1665300955674844,0.007245930129809563,0.010278151661972695,0.013773526406711836,0.04398418384311913,0.002826478718963195
0.005959565121371129,0.00658534281535259,0.004565434033089128,0.02059693396940308,0.0526294137419708,0.02753415900469981,0.059082151349297514,0.0601180232829262,0.027656264264217908,0.010109467544259407,0.11033339329690044,0.11013307398472573,0.07287273158655554,0.07989989962706384,0.08005825457492441,0.13882499010733884,0.014349535696779232,0.01882554173194564,0.01091797824377795,0.08115604179825124,0.007791804225149588
0.00438514932735557,0.00328341631647536,0.0019092452050093849,0.009713085452657148,0.03313109383649763,0.022050233884477025,0.037678744632308726,0.037155418970850056,0.011806426287656165,0.0062002951835654786,0.15936782892492735,0.15965363800378446,0.08183853105570664,0.08741347131608841,0.08507938967090233,0.18530301352716397,0.006700393941705314,0.009194517410054406,0.017619942849692618,0.037134365232863835,0.0033817989702581573
0.0041371751996151455,0.0033157320013180425,0.0019328154253074321,0.011510728866178394,0.03887553926630823,0.03369765586877695,0.04158950374327774,0.04209634451208045,0.013927529461320195,0.0065313195390865105,0.1479077857095675,0.14586944125927845,0.08028892068014762,0.08083623313523795,0.08689006444187727,0.1683942342953948,0.006276227713298964,0.008722008897396586,0.016618982258041044,0.05674628207543684,0.003835475651053865
0.005745524970157901,0.0047366778439021685,0.002680714153891709,0.011888048982594393,0.0406561663155292,0.026621443249818126,0.0528665906858032,0.051974746210292175,0.023184764099095097,0.01637140197383806,0.13986098221500354,0.13808417794454372,0.0757742127319593,0.08493994386281953,0.08866919488220126,0.15231306256590568,0.00885793941958252,0.011960377733338329,0.012687109301447771,0.04407301509270892,0.006053905765567455
0.005412077011912828,0.004791201841593376,0.003415902542109497,0.012238959782114235,0.051915796715474485,0.023817908915709573,0.04803001258197368,0.051658424614859054,0.01695941545656099,0.008376129836176697,0.13234630711205414,0.13210095270623834,0.07819859683049149,0.08678474979604664,0.0895307674499065,0.1553378263670731,0.009559740344213469,0.013146588726024555,0.015187881418853659,0.05572062765897458,0.005470132291639035
0.003998017579915714,0.003351956818724425,0.0019732030191569752,0.009048570656340205,0.034056160254681014,0.022300494839673238,0.03628025278091649,0.034280704347539916,0.01147547209155782,0.011796410364598326,0.16252761089455225,0.1540871501336721,0.08179261525228547,0.08935277305264791,0.091529111419689,0.1805437133709276,0.00658793146058507,0.00905984598081253,0.017729883895140984,0.035096644796968536,0.003131476989614391
0.0040811492811891606,0.002989939125083925,0.0020410812973490977,0.010522487219038259,0.03174874037538737,0.02301860958882382,0.04592365394361937,0.037740771783624234,0.015724405601461273,0.05825337803248973,0.14333949032869167,0.14701394623580535,0.06823573189039668,0.07408532215643257,0.08179642787083828,0.18005264567890414,0.006576227619736215,0.009701500113178932,0.01542830058146936,0.037457079076627854,0.004269112199852739
0.004599132148509939,0.004689192485926949,0.0026596481288231237,0.009279476317852484,0.04536783288438681,0.026153301765096386,0.03881035586401528,0.03945486599899517,0.015336270800794388,0.016479195454146632,0.1458037413511699,0.14559929068672914,0.07534229578295794,0.08538254438554525,0.08750818579271677,0.17541575132941842,0.007908019910168125,0.011546343004384738,0.01295984746688658,0.046238894245981835,0.0034658141954940725
0.0034748060117016123,0.0013326129906866169,0.0008384893244903939,0.007233178758709419,0.021272504517376768,0.015445787445196613,0.024022807278472263,0.024582411119926918,0.012588705890789987,0.005696675976255589,0.1960521920902311,0.16484556094113365,0.09237902571920256,0.08976675795437528,0.11993710160102755,0.17593392505074512,0.00327842503097718,0.004442853779477753,0.009645545984585144,0.023391859736426386,0.00383877279821209
0.00438158563029128,0.004365275551227168,0.0017469712045327373,0.009903699726744769,0.04341039678801057,0.02349325847794857,0.04211870654052503,0.03956962767441282,0.011495228256875364,0.0057378846396354535,0.14590445685868225,0.14442796654002946,0.08614145723569899,0.09391682614305284,0.09137959036927784,0.17298724704566898,0.00683731462214478,0.00945241818264207,0.017857752398944562,0.041600542135439636,0.0032717939782148197
0.005490553554934392,0.0041237161893931135,0.003470625416289657,0.013795527277716818,0.05219175856193374,0.025216004649850517,0.048453721633928616,0.04850977467492675,0.021427982441945537,0.011313734880280785,0.1321227021355465,0.13206418815684062,0.07825160045940546,0.08786391907335825,0.09169699651996484,0.15239955812435635,0.008872256945823902,0.012472578037551505,0.015496982264580482,0.04876318136729567,0.006002637634076588
0.005978872515905714,0.0043191626696424,0.002561098908610063,0.012754931203947144,0.040816940868143636,0.030570320481176583,0.049195732965732784,0.04629521772393362,0.019953154990577614,0.015712948769392453,0.13821666038993669,0.13602728953918242,0.08009051973829065,0.0809724427043076,0.08685974475024365,0.15997421662923764,0.008742641042196289,0.011040926305627908,0.016363427260995524,0.046817448498642514,0.006736302044277029
0.005301040297108343,0.0038637631980839374,0.002900075998067368,0.010580303429606142,0.03722489306906488,0.025917619705043683,0.04676193690903285,0.04313122089963516,0.01786077589959607,0.026675337168459344,0.14413167518714934,0.14232708493559926,0.07046095665245278,0.07896499652126407,0.08276009307955702,0.16665981474660496,0.008467542765896605,0.011022997201558984,0.014247881394465381,0.0551667787623002,0.005573212179453693
0.003923354615519824,0.003170834455414341,0.0019488772414141405,0.008959360017184555,0.039553624401528105,0.023382118502217573,0.03764978020420332,0.03729229359792234,0.011210368526947592,0.005659428603619445,0.16495183943369038,0.1643445128606025,0.07714500737243457,0.08122114168586765,0.0842537897759962,0.1857514812812102,0.006707429821259053,0.008428358150217741,0.0148698332800373,0.03669184875273245,0.002884717419980762
0.00484175567181184,0.004233615012175895,0.0021163297867583656,0.01090066616569171,0.04579014992966434,0.023600443777324724,0.04423359030387434,0.04225139685094253,0.015277098284484253,0.01186101114739854,0.16044421007411094,0.16233642190197825,0.0656261434460504,0.07277534991386386,0.07699913146192257,0.18004220128757276,0.0071055197009456264,0.010456663480609607,0.014505762766429824,0.04090136655542125,0.0037011724809683883
0.0047334831576375065,0.003945893460822237,0.003601575683986685,0.012653122094077663,0.055323008293993926,0.042626570020450484,0.045890639659730934,0.04707440086972321,0.018864704811112337,0.011025452209718655,0.11915295089781165,0.12069984329382676,0.07820429666727538,0.09041061355952977,0.09313217297829793,0.14704085608943285,0.00914661837048335,0.014097046768386256,0.01634996962170007,0.060238801610091784,0.005787979881910482
0.0058678619186175885,0.004398984683312125,0.003091794219714449,0.01258923425705858,0.0553876545272434,0.024537790508193182,0.048352361158070435,0.045699946387167456,0.017254020606090142,0.012897785349688018,0.1295412251851133,0.12734922486027514,0.08289817956315576,0.08812799577297276,0.09330265888345517,0.1530936910407232,0.008639192359470806,0.011208774624747309,0.013888917620390163,0.0564737019224025,0.00539900455213845
0.0049341919417958185,0.003945630196749471,0.0032056373758351893,0.010679118760846052,0.041970051556883284,0.020830483158305758,0.04240605858483654,0.041441901008453685,0.01547717010246091,0.01059353187021573,0.15791553743048314,0.1582793044652381,0.07274020031831216,0.078630460983257,0.08305749806121507,0.1683519895069749,0.0081547959645103,0.01089957000015533,0.015734353337175024,0.04717453127791645,0.0035779840983800595
0.004078885611101677,0.0029542402261342163,0.0013904982174155578,0.010943385871215095,0.03800140410041003,0.02574814323954238,0.04001595269530258,0.03752227568807402,0.020750867817857864,0.012236225338160028,0.17050590616215075,0.16279320878186784,0.0662064885779231,0.07091829660781654,0.07656727121425495,0.17672690822361214,0.01085261576807612,0.01224777253142319,0.010659815303883585,0.04426822563743256,0.004611612386345729
0.0034554398270436487,0.0028847908861538807,0.0022857381318131475,0.009297021278673748,0.026358001430681014,0.020865008950020626,0.03595378266968534,0.03543492879306974,0.014280205782663088,0.005149760960484089,0.15952290099867206,0.16007444742655647,0.11048084394771587,0.0947585230951189,0.0916548115987046,0.1421336583615158,0.005469589852154155,0.00717685924903383,0.017908598577749534,0.051309154806022064,0.0035459333764684743
0.004679023308643092,0.0037462689738618094,0.003582933875799079,0.014115467592048103,0.03828017455363724,0.023993645924198916,0.04438258366926775,0.04771610603928149,0.037668084396127725,0.00945839022162929,0.19617453693664644,0.1875050513115352,0.04772412847537901,0.05313357349523188,0.060170686042173814,0.13425182271072045,0.008820510548145147,0.011486344812931124,0.01666627792347267,0.04922072895603314,0.00722366023323673
0.005896028250570608,0.004173860166342847,0.002921114533718121,0.013388686246610859,0.049131043937431486,0.023765003484866317,0.04566362178752678,0.04589811140771792,0.016859036405670248,0.009222019995491436,0.15468651068773448,0.1553184921490027,0.07325767049463405,0.08226256809390146,0.08151135202340642,0.15416090739324498,0.008137555224759641,0.010887530912149564,0.01423101451014432,0.044215520954707016,0.00441235134036865
0.005443906930954982,0.0047921999758442175,0.003507789349447239,0.014488672537628897,0.05114349194565785,0.025312181216193684,0.045548179595640025,0.04527140125621711,0.01707641094685291,0.00851870151567612,0.13059383204438327,0.12933386470107966,0.08931020394317284,0.09469240962991524,0.09730507452340167,0.14807910483095152,0.009175653641304227,0.01346661734972138,0.014187763859898603,0.0473026913040365,0.005449848902022009
0.005951528272530254,0.00372354432379852,0.0023079809838492506,0.010598650393240141,0.03709949860113522,0.027162165356221225,0.040679337971967024,0.038079178181368065,0.01671846646850713,0.008409826293847598,0.15121545549380627,0.1474116256436422,0.08359198053216997,0.08813820506031901,0.08909837985153002,0.16225177959475984,0.007961178925942277,0.010904657168545443,0.019991983797618625,0.04435054834304186,0.004354028742160019
0.0038177492789965312,0.002757627142669203,0.0017562206179928892,0.008636846918564395,0.03382474697006682,0.0191140828978819,0.032450633883089386,0.03282387387371122,0.01044200584703506,0.007613616975254295,0.15795793217291276,0.15837416432084345,0.09944323696067617,0.09018856864691016,0.09259970607663556,0.17329402735903232,0.006018145147700069,0.00798703851399422,0.02085083854241441,0.03615513452630475,0.0038938033273143795
0.0038460606482933904,0.0032742547935761123,0.002222200154694997,0.010828198481193851,0.03589428518791353,0.02435388044747652,0.03542183057394173,0.034316873076244814,0.014763931330854912,0.034497721527553184,0.13485630747546276,0.1348686333358527,0.08250601228797616,0.09871794925269586,0.08337155245933255,0.16515926182181925,0.007001525988682948,0.009882939279838302,0.018819585272100228,0.05980646961996933,0.005590526984526828
0.004959313904864161,0.00500937359606503,0.0024257549688223782,0.011410541391901929,0.04754066415194537,0.027261178196722656,0.04983822443220935,0.0487603501120346,0.01554209190403541,0.011627093842073031,0.15167904688507014,0.1491518014981822,0.07553837403539942,0.07981043016820955,0.0819971041508422,0.15483588827341468,0.00812463127303525,0.013517920798342015,0.011099738430585268,0.04552515402584456,0.004345323960400807
0.005175477244838849,0.004045983237065721,0.003191751071422841,0.01302149787033193,0.048242894343696816,0.025063857352905575,0.0472762394236043,0.05235204483556831,0.013604515231337945,0.006399849011696111,0.1406928979102181,0.14063212015722915,0.08104167634695493,0.08634146508076637,0.09036445033547354,0.15342886070298656,0.00810274697985466,0.011055520946617345,0.014224108823363847,0.05115324737821973,0.004588795715847383
0.004470099985644321,0.0034089281362517858,0.0028590749485638057,0.010742655309545471,0.03216643560031518,0.027815567743362024,0.03883514594777415,0.0402066508767258,0.015305710380649571,0.015300157556674715,0.15813513145362845,0.14847020276384246,0.09395415937262352,0.08879454089041698,0.0964977051367958,0.14591324555603302,0.0070816680560127215,0.00980501067868318,0.01592974613525316,0.03992252304383756,0.004385640427366375
0.004926023959984368,0.0039643117590972814,0.0038531063907674,0.012591874263794486,0.056918538726308074,0.023923381684393896,0.047420687970826526,0.04846407706282423,0.018300342969427917,0.008267661053465903,0.13347595439817073,0.13423435254337213,0.07663042725174718,0.0822560008522383,0.0851424958419521,0.16266687671689276,0.008787820140164063,0.012681368440742672,0.013841001196716765,0.05676641866144697,0.004887278115666253
0.006083932718002942,0.004648502827490354,0.003248351310470093,0.0130328211916628,0.050200664833723714,0.026649854164338068,0.05244781617653845,0.05284900919912537,0.02172217353138836,0.011177965231427365,0.13969451004447053,0.13971868572293145,0.06685002277868758,0.07614197479796737,0.08253106801008306,0.16335038400013185,0.009371252132472146,0.0125188201283564,0.013441452107504376,0.04872268717527083,0.005598051917956978
0.005088445710140034,0.004789622653716684,0.003424896147055561,0.012294858651044677,0.04021042916896485,0.0245413162531192,0.047583967864112856,0.04734490696420384,0.022773174945508547,0.026102765601978783,0.13680302312026033,0.13515259065973273,0.07513223337700994,0.08480683966652637,0.08285249488591899,0.15439464072127929,0.008582235466025543,0.01110955447142958,0.011536539018948432,0.059011427494530186,0.006464037158493546
0.00568499892390382,0.006698140046902057,0.003917374310862068,0.011575985061111514,0.040268527997877716,0.02509075775467711,0.043747411874538664,0.0458792447251617,0.023846417628668598,0.021533622992660716,0.12263152823036072,0.12162732527122552,0.08137963585638436,0.09162319053209636,0.08995618600715417,0.14937699052698694,0.010877144026632929,0.01528461004492006,0.033688671193825265,0.04950243716755355,0.005809799826496222
0.005541751570888504,0.0040269216859417905,0.0027640352996347772,0.012489335435167913,0.04932061167896715,0.026605972807790663,0.04409134884747811,0.044130084581770486,0.020264298053136672,0.008401806929651923,0.12776765617470598,0.12701839956034344,0.08576184437435286,0.0902461677330158,0.09497982261475146,0.1485969510244483,0.008970747589523511,0.011956242367832964,0.01247888484074863,0.06885627458341205,0.00573084224643702
0.0047335882867375395,0.00293944586637226,0.0020704273981057867,0.010485701433002191,0.04201791868577488,0.02442711737853643,0.04272798726733381,0.040995028856276726,0.013096793297456655,0.00603331938873736,0.14605729799776584,0.14534691273764833,0.08141885843992598,0.08757306044824507,0.09284660390841264,0.173351424466426,0.007143577263177797,0.009361626859158412,0.015597126862082972,0.048005313804266286,0.0037708693545570986
0.005259197748583635,0.003476203520071222,0.0018473136628934163,0.0103761796388265,0.03754672019003568,0.02166591291828867,0.04101962960170479,0.04175742018609827,0.018130103777416112,0.010071120723812893,0.16545771118800706,0.1688190542401386,0.0731072774678718,0.07277293753089774,0.07254910443983123,0.16363994614409855,0.00707679374105637,0.0095854787305097,0.018699015185183233,0.052673973339184006,0.0044689060254905055
0.004727115832573297,0.003476412659535861,0.0030737753326708947,0.01081483506811578,0.04284335174487569,0.024951924034912216,0.037825674618036036,0.037958015682824815,0.013173098671286613,0.008219852055970676,0.14158797479905805,0.1421025100625531,0.09093453180687357,0.0912079109974821,0.09263672149133867,0.16535466515694727,0.007241243554988272,0.010522438373392902,0.01745268279124543,0.044108424178399774,0.009786841086918996
0.00489668366353776,0.002815783793934201,0.0024363164290763877,0.01006007751904769,0.036492058789208026,0.02362264856055254,0.03950494891749127,0.03634590838343799,0.011267017391045379,0.009346780989045443,0.16123289114772704,0.15656269472562515,0.08607155502051082,0.0867517173925873,0.091432349777697,0.164624601738775,0.007833701034784054,0.009752591306289044,0.016246378747901746,0.039585439342447314,0.0031178553292788872
0.008725662261130071,0.006630335698351241,0.005695211174717962,0.01905823958332515,0.05241450018587775,0.029352860434788113,0.06312002143066553,0.060246924342161966,0.03266557607314685,0.009522218914787968,0.11512791377168195,0.11087555352459202,0.0710291220292526,0.07728528753430827,0.08255575764755027,0.13663996508760912,0.01188878218816933,0.016795935505839,0.01819587869142879,0.06406154978522366,0.008112704135392387
0.00533739148415241,0.004318668956751347,0.0032018603077687336,0.01369669724503662,0.04207926084512067,0.02610392068553675,0.04975454231262588,0.050564353510384616,0.02801038008179619,0.010147445512624528,0.1520798675694766,0.14825996494343702,0.0804037149731812,0.07360104945018274,0.07264419649856976,0.11786267913898127,0.010204229889836587,0.012998513945513402,0.03835466989855369,0.05263462969497003,0.0077419630554999815
0.00786029004432753,0.0062125160836661725,0.003955497993719503,0.01597766324493443,0.05180147729819505,0.025750697034846504,0.060554052657664566,0.06406830243904951,0.026210658733429832,0.012508227385046995,0.11538345130665588,0.11482754717564422,0.07217990951358891,0.08145544950469344,0.08280031137755244,0.1216072622962215,0.012116427580331095,0.015771616640966792,0.009905589346395006,0.08979264253502871,0.009260409808041959
0.005401426388617806,0.005048982995377736,0.0031376200895859275,0.012814878015489662,0.05152359759256443,0.02211724813937766,0.043385483964276016,0.040572226154618925,0.017120506070482804,0.009197334986209891,0.12560736366750602,0.12661018723880155,0.09073600623009116,0.09307633630410483,0.0959832360534381,0.15726009214305334,0.009175534027844566,0.013189621581405473,0.01875825158053825,0.0540377447359262,0.005246322040689646
0.005289040019892749,0.004001281653090499,0.004631154374259525,0.009176604829227813,0.038538012899051136,0.019273423260150458,0.03925658070389928,0.0381236135088087,0.01706164808803678,0.018114082299704768,0.15644947142023174,0.15321067514877754,0.07893375253961822,0.08222382432166178,0.08621889323856999,0.16956289476456124,0.008420471647839637,0.012516736313905407,0.017348009705684744,0.03772260201225032,0.003927227250777596
0.0050492742417590965,0.0033830278592781537,0.0017510077597982488,0.010905169223905026,0.04394067171387448,0.02347415661158136,0.04064620146798178,0.04081708758749192,0.013286209355996722,0.009443614368697836,0.15077696123107207,0.15035168640167987,0.07552206869666649,0.07941393105352522,0.08211178742022537,0.1799714480658289,0.007161844932863017,0.00960253463842381,0.01487766887843831,0.05349789642451405,0.004015752066398296
0.0051620700332791845,0.002730630590709695,0.0018412114318341766,0.009531462471496851,0.04057425206769194,0.0216160024622649,0.032770342373419595,0.032919632445991616,0.010908600569951457,0.006845780031043552,0.1545995151410077,0.15335619406866224,0.08982160829959357,0.09177681481525142,0.09075525371464588,0.17518251305087942,0.007648157934013955,0.009857430438943065,0.022748865298067685,0.035324191453984286,0.004029471307267797
0.006759158378466278,0.006080926123686718,0.004267622881515497,0.012169177029077388,0.03602869767355313,0.028971783276853836,0.04573203780649606,0.046455798866327516,0.022033287334038074,0.023015906544318968,0.1272848265753302,0.13246130628858002,0.07498835842668895,0.07668027692270075,0.07568822437279203,0.1462105449706942,0.011094517503759407,0.014983663419476538,0.014026275397697621,0.0887675920264604,0.006300018181486468
0.0051144540070121045,0.003808227763525665,0.002406221035338587,0.013024608685358563,0.05359748677525241,0.024668343521080396,0.04473343557629969,0.0470782062172731,0.018492699951803828,0.00796629933238017,0.13325761153856194,0.13325445405427352,0.08477855341880719,0.09106141543236984,0.09441267559712244,0.1547599262469831,0.00823491341275991,0.010946940391632949,0.014622630067197174,0.0485708128286888,0.005210084146278654
0.004273142312579656,0.0035005306024088307,0.0026858090527150697,0.008904074492969347,0.029934167922932083,0.02156950947609339,0.03761482081967772,0.04084893038422779,0.01528260886972211,0.01870507732267985,0.1661807774563927,0.15149478952122095,0.07798684235665647,0.08779834531194296,0.08207950875199299,0.16138750655434905,0.006520380189383434,0.00900052075900117,0.019137243497445885,0.050663132311945774,0.0044322820336627775
0.004223405192594271,0.004394989318123814,0.0025991389165153605,0.009700642007840451,0.04577046926349456,0.024721230091644446,0.044048564406022235,0.04928728030074213,0.014902816128120448,0.021871397780386482,0.14221213990473847,0.1403717940215476,0.07060133533305334,0.07547752298619248,0.08106527354125116,0.1941111095593398,0.0068659025091319685,0.010704537665503468,0.014097521149519909,0.039473391775925334,0.003499538148312266
0.005029180505386549,0.0035202806398992037,0.0029374831707397893,0.010262077546878249,0.04009903920296951,0.025459163535405727,0.044077648366550516,0.0428116750930778,0.02073311835257819,0.010369158381323405,0.1630626794482649,0.1603510897926962,0.06409518748850647,0.0732043691012159,0.07923612547752559,0.16925055862974986,0.007800539131589923,0.011432278449059228,0.012671375034676307,0.04930176188006508,0.004295210771841562
0.005642062783040372,0.0037121282346186672,0.0026205167502005304,0.01267706448318689,0.04881352211931875,0.024188540120284603,0.046482843492710535,0.04498839863189613,0.01919329092471128,0.012807437857859502,0.13891139999426078,0.1326135391916364,0.07955408498985615,0.08701504573218846,0.09299035508518172,0.15743296917065294,0.009792150019197305,0.012265788944497329,0.016914397953578998,0.04684462832062796,0.004539835200494663
0.006103547095095598,0.005518132779102106,0.0030217307157891387,0.01383335838485928,0.05247983960660682,0.023330374427492428,0.046224615673858986,0.04506646723168079,0.018829184588725047,0.008577762222938821,0.13333101211244822,0.1310938463903304,0.08366733671943223,0.09120313804683576,0.09395162433356953,0.15325055659149528,0.009659328400726369,0.013031190053030278,0.01424055037452777,0.048265265684611335,0.005321138566843784
0.003958629491121282,0.003195799871073984,0.0019353461206278594,0.009905089874940742,0.04059456320271914,0.023228612585266616,0.04045225584309437,0.040207420976920115,0.012292996320844487,0.016018632592374276,0.14587586728518653,0.1441469739620017,0.08581822212984888,0.09043792516208367,0.09088879849105333,0.17696360376536502,0.00642750367080874,0.008599592793856983,0.014331166206096544,0.040947359524059236,0.0037736401306565108
0.00433071496229577,0.0037930093856740604,0.0019788810724431574,0.010037734740539095,0.05559409749219302,0.025220672627079558,0.040714492846774336,0.04072059113623181,0.01192740759053787,0.014883723599847628,0.14990814027429356,0.1480393153318379,0.07693207160033791,0.0835412763924565,0.08442337521155044,0.17570312338850333,0.006486666562404236,0.00931349863004167,0.01253221066101823,0.040245216705078406,0.003673779788861562
0.0031605601017374594,0.0021504898120875667,0.001549417212854371,0.006797435007538118,0.02254560285139736,0.013503915379484576,0.02736519253893461,0.024228486457932533,0.014007951823062793,0.003993076760993261,0.2128284848723146,0.19910685952727455,0.07934235746869706,0.09681624404377744,0.09426811199952292,0.14243049912968225,0.004391467702964278,0.00613267887647675,0.013580435603438062,0.02751691014468015,0.004283822685149325
0.005222991685400136,0.005220203592762179,0.002399014942745809,0.01019317967980678,0.038464034738951415,0.02206601549047755,0.04329557824096455,0.04053894083561148,0.015717337337460342,0.016394911382016538,0.14972526632315986,0.14934799668733595,0.0743372221642312,0.08563262274143771,0.08181736529877462,0.1672555353609281,0.007146151196903382,0.010418230667522791,0.013266827213023549,0.05803132142961361,0.003509252990872473
0.004290457912415966,0.002960199886451391,0.001576297016694274,0.009519989618937595,0.03372812099017712,0.02234197014869477,0.03316293415917952,0.0325182829699713,0.011880329497428578,0.012326049524536262,0.16301704136359246,0.15799979718046184,0.0849375027148589,0.091604924083958,0.090551941140127,0.17752195625674036,0.006195746301006664,0.007998855340962967,0.01694361618814515,0.0344382517230083,0.004485735982651614
0.004358332067961213,0.003445793200028755,0.0020258346881227365,0.010023164261371936,0.035086699058757206,0.023552209496893288,0.04573444732907106,0.041864264170747054,0.01807488715715457,0.01485564486426196,0.1468438914921223,0.1495435717723511,0.0822198544148246,0.0870140950532189,0.08784676545343341,0.17266686386653332,0.007029429509679852,0.00933466439551257,0.014185074425602762,0.03971063577936012,0.004583877542991278
0.004086325947942648,0.003536589489432025,0.002865004141377085,0.010555205505851938,0.04724847686192084,0.021816117443430632,0.04220707994387456,0.04184741279619573,0.013870562500749537,0.006723069780506246,0.15246579972944418,0.15260355692927768,0.07608117336037658,0.08503192087539414,0.09101834934357332,0.17319520104061548,0.006734081690916272,0.0113686244458557,0.013125870534053678,0.03960486791520718,0.00401470972400451
0.004528963686811502,0.004244407739867314,0.0026005684029881265,0.010191506658992629,0.033265764334546435,0.033294716017450265,0.03932429098472872,0.03873696838865237,0.018370514765462843,0.017546710816023683,0.13880011066802928,0.13884783606727075,0.07815767447398743,0.08578240354739243,0.086283571403572,0.15888661100108287,0.0075721147643005035,0.011072287426928477,0.02245607862887244,0.06618897651283016,0.003847923710209744
0.004967701794217959,0.0037255844567196015,0.001987860698913776,0.011246098179651498,0.038588062996586805,0.025144472721940987,0.03339110640974385,0.032637777699853945,0.013797978381212214,0.01019063787251351,0.13137233904818849,0.1270373395428236,0.10161083665412048,0.1081295285091106,0.10034201559157872,0.15904837766225072,0.007136292370369078,0.009706123946202894,0.017765948261401057,0.05873988517901585,0.00343403202358438
0.005810163805102288,0.005037888739165717,0.004241391212731693,0.012469940690627323,0.04217405178899706,0.023898886033753255,0.04562252790071858,0.04789915023100107,0.02108754349173256,0.01576153393438872,0.13636775272105714,0.13588329514412018,0.06596215714083635,0.0762625870340619,0.08086276033884016,0.15302753492972632,0.008867973815267442,0.01413942633401401,0.01292886447945852,0.0861862250533535,0.00550834518104625
0.004335673566654914,0.003308116673185597,0.002421617516281242,0.010272000514767027,0.04965155188788125,0.022090579100737053,0.039432981793714655,0.03683069814584496,0.014000860005270788,0.013597802476543002,0.15035948896404547,0.15101978744166414,0.0844465951276076,0.09155228273479044,0.08586091745403655,0.1615611743112423,0.0074251704758424375,0.0097440606528892,0.016668836158299047,0.0416414080002567,0.0037783969984456173
0.005195377412059017,0.003875052849640379,0.004044878696084912,0.00872057532673427,0.031874395946161364,0.018603551494751992,0.033740244431866635,0.03395062122364019,0.014687216512147069,0.005757618830391077,0.16923895044582954,0.1594895272643412,0.0763895696804182,0.07654188992433927,0.09486558313841123,0.13425319360995308,0.008913611769394817,0.01209766547156272,0.017234365441594506,0.08613271616527805,0.004393394365400427
0.0045466523853663786,0.003995574063977341,0.0025719810263492788,0.01035156714985638,0.04866730513050894,0.0246649422475115,0.04217963660435585,0.039874914532661135,0.014555126678313785,0.011754773782356526,0.13740885383690504,0.1379520513307688,0.07985930439839191,0.08865503660559249,0.08974225256300672,0.1704883746318671,0.00792449375324358,0.01084897866515898,0.016234257113259033,0.05378761267469851,0.003936310825850732
0.004890531217437537,0.004471988185054822,0.0029555113105840104,0.009593495936794665,0.04280996177712379,0.02016559638327093,0.040853177732957484,0.042604977334488515,0.014678671509553369,0.008636391676285559,0.1617072106531942,0.15586670480603862,0.07376798783025681,0.08508688517101434,0.08004056957272232,0.17125576254610728,0.00734557704196607,0.011347363829669357,0.01469042569911904,0.04195560575937155,0.005275604026989765
0.005323789569731114,0.005306379688913748,0.0030692270931729233,0.010411691525132924,0.03652816534180407,0.02533207980488804,0.0500831231206702,0.04576640737033125,0.0180097988069746,0.01681444849716685,0.14806025812280693,0.14868642399982868,0.07546578614118325,0.07843686290792518,0.07941020012035235,0.1516674729145575,0.008102119598749362,0.01198794024780495,0.02145159489555693,0.055517748921142085,0.004568481311307067
0.004284567345044882,0.003776718119772705,0.002147573091398821,0.010121034178507607,0.04124954051966438,0.023313844713435096,0.04292886809874909,0.04160305576952897,0.013568378516570705,0.007249336627189134,0.1426551222327871,0.14343032717674453,0.08266975000990885,0.08915979650766732,0.091135722673759,0.17218931702461104,0.007506221253658164,0.01048675958550498,0.020846540217546804,0.04615389125405127,0.003523635083899573
0.0043695233677045675,0.0031364460633036746,0.00243864808850966,0.0096983246002609,0.04657541222510725,0.024340430500515518,0.04206657470962656,0.045445813609215166,0.013456552609604568,0.01997537938992982,0.14509122602229305,0.14492376721044026,0.07344849090429402,0.07741923301110727,0.07990525342600498,0.17895392452116904,0.006590191132579461,0.009311514938932048,0.011302438557824321,0.057937145556949024,0.0036137095546288525
0.003679185486514458,0.0030479448361834536,0.001847746570116575,0.008612615258034589,0.03467620214474276,0.024323388050364873,0.03488927336484505,0.033312826685896184,0.009800189387689751,0.01701533387024405,0.1550820071636988,0.15935965605493352,0.07558563819943385,0.08748914216315137,0.0917023384996935,0.19662483252514887,0.006022786965427853,0.008136995216944009,0.015952877882125106,0.03013232630316356,0.0027066933716477365
0.0036228165082573976,0.002822419550186345,0.0025178942952527434,0.009232780462642651,0.04340989234633103,0.01964749878279071,0.03529254377836979,0.036940115326791034,0.011561367888294316,0.013063282790022588,0.16244912465873218,0.1599593825124931,0.07939538289991553,0.08347721155402946,0.08632591924282547,0.1802982956684534,0.006252009190219597,0.009066362589614735,0.01437790181773438,0.03739500089246065,0.002892797244582878
0.007578291244370197,0.004225448633967443,0.002711823983008117,0.012440067519767593,0.04614653763282889,0.025766679612428033,0.050483171929337066,0.05151834555804948,0.022481109167434288,0.013911608800814532,0.1520271666092392,0.1496080199720043,0.06556476959218825,0.07684086488335562,0.07357862917509574,0.1458212208071538,0.009517783730083523,0.012754050553792879,0.012125785464454066,0.05836651322160896,0.0065321119090179895
0.005054977045391127,0.003538170977119862,0.0018963829732255898,0.00953632161497477,0.03408292166690942,0.023176932802102892,0.048010017844627134,0.047522200591076855,0.014811755091336769,0.02321428213081678,0.15318010257886794,0.13749476573938865,0.09496169221020054,0.0904284304772025,0.08603619277714766,0.14454841332412996,0.0070184804771404605,0.008757299272933637,0.01245072721429198,0.046356030069258994,0.007923903121856531
0.005225111379428252,0.005729724151662235,0.004060750023631066,0.012921866713089772,0.04524295058427851,0.03532535380468491,0.04492900764714528,0.044030571801369364,0.021297585510408102,0.019438782457479518,0.1193849593022192,0.12282857088428242,0.07966347042453968,0.08592298739609877,0.08447097998391104,0.14789891489000084,0.009184650597777913,0.015460208718156222,0.021961545582375692,0.06926120174658276,0.005760806400878454
0.0042259793924757936,0.003459769662743797,0.0026678213766441056,0.011491900441832114,0.044894462586371774,0.021340270920848857,0.04155526643273255,0.04364192625030509,0.015049764945704047,0.008661146990866526,0.15690128590348018,0.15833222163680202,0.07756481666804194,0.08237685302240633,0.08199887095530106,0.16581549160378078,0.0066488446558044785,0.00994052442367889,0.012977351445484113,0.04697318083594538,0.0034822498487501533
0.00471876642594616,0.003114622128667668,0.0021797239823809745,0.010319883709037721,0.041331359445174666,0.019569560344499644,0.039415056888685865,0.0431558315312268,0.013846627011448162,0.00995847276351084,0.140145306721867,0.13969823614519086,0.08450698802441448,0.08957677007430359,0.0934424578082573,0.16397002198569674,0.007424119097540398,0.009319933170850135,0.01606162665416529,0.06458427642575618,0.0036603596613794423
0.006604120751322532,0.005557517002851941,0.0033266888209242005,0.012121534565398757,0.04067910839127655,0.03160259339481804,0.04636447914846987,0.04617484735029851,0.022394954743248558,0.014192992577002756,0.13213043242241468,0.1302330866415046,0.08534004031016762,0.09078069361663528,0.09041557383652513,0.14868568957756775,0.00985100345475433,0.013966751792015987,0.013065640869335414,0.049545546638210106,0.006966704095257343
0.0037080725064518867,0.00283669436809254,0.0017075746787903136,0.009518061016204924,0.03276970224260985,0.019915325059723998,0.031147896464198226,0.03215982425958304,0.012005441434017716,0.007862977374031799,0.15028438040229047,0.15155359229138127,0.09464609024748688,0.1124024203471634,0.10101142758186477,0.16971858403555953,0.005909829500940557,0.007808850074357165,0.019729754602780668,0.030305605492603287,0.002997896019867759
0.0033198680563456128,0.0033496790611704337,0.0014994384283106535,0.01057000997099402,0.029970897960923344,0.016863276289865732,0.029701931191508324,0.029352450422418182,0.01508557122076338,0.004686093494650572,0.1606801227797452,0.1552212524655393,0.09595558553707527,0.09893938194711392,0.10792148550436187,0.1506898805633913,0.0058124857538580845,0.007644262717244735,0.014830274824221643,0.05240878715693214,0.005497264653566218
0.005944021011980486,0.004741776026691146,0.0022933701873262577,0.013104119269379709,0.044443936546670657,0.024856612719796296,0.044898502956711515,0.04351594024996276,0.022251419366996143,0.014686013842419554,0.16783076766805444,0.16901850053188325,0.06240013378431749,0.0715803602526661,0.07662084252963221,0.1377357957280438,0.010962712150777636,0.014382113722117463,0.013240070260896472,0.049882739997998304,0.0056102511956783434
0.00422411066543984,0.003926812427830347,0.002517656597146285,0.010952843063963696,0.043353660143963225,0.023220305866107755,0.04012489569725819,0.04009678323092166,0.014374702387583475,0.008576842986420972,0.1426795590337394,0.14127612908302525,0.08562391091928441,0.09319867100027687,0.09430641755042993,0.1662388835719634,0.007495416545211189,0.010444312561787586,0.01644227171452287,0.04715179336919899,0.003774021583924615
0.007039037672080953,0.006218461093019316,0.004029499838829468,0.016791218091836542,0.05389886716897012,0.02842476340707356,0.05818180843489242,0.05559901686792137,0.026217405164115398,0.01624007264886595,0.1221483173784452,0.1219752349222416,0.06766111626682582,0.07565046926205822,0.07918527007791812,0.12875617841877382,0.012796108481706337,0.017174447339448694,0.015785917487168385,0.07777138401863548,0.008455405959173254
0.004490518386391353,0.004123416015659454,0.0033138058258308394,0.009846103242892923,0.03557607995366555,0.024367966793336037,0.04369068065145711,0.03926282218755276,0.020683600898152014,0.01111431666163978,0.15073482617605044,0.1566684018992816,0.07588542803672213,0.07633479156916104,0.08413761385582821,0.1765959738391258,0.008492686528187536,0.0113920228818034,0.014690420263243287,0.04343400290677085,0.005164521427247889
0.004696408205903989,0.0037405225866324475,0.002803975931787168,0.008884698210941127,0.03984028835536502,0.023147850205996516,0.0388069825256059,0.04106258352377877,0.012410198699571152,0.007829145570188555,0.16732319796960066,0.1622582140438225,0.07112858105270932,0.07746202208092277,0.07970341965327801,0.16490159272154992,0.00820053315334646,0.01063085829352724,0.011875191025263729,0.05998169483808542,0.003312041352123356
0.00569352068113426,0.004216331074074057,0.0026238722512938553,0.010694713088454712,0.03734173961079674,0.03233763225379131,0.04757162697716205,0.05307455067532648,0.019296957887148868,0.01695471674654216,0.14100658642311226,0.13989375244723792,0.07384456906010392,0.08535212076208404,0.08552770984444114,0.15398651809347313,0.009100481165191843,0.0114528646293982,0.014329684372629766,0.04925719078791009,0.00644286116869322
0.004788237985240301,0.0033784520481659336,0.0024158901080535674,0.010455336036998934,0.04239311141386146,0.022330574856934283,0.04095790588291564,0.04200004943629927,0.013478939410501573,0.01775842556346492,0.15799051936682135,0.16134663243649214,0.07156422451691516,0.07911714697424828,0.08127122582004215,0.16905358801497736,0.00706829166196643,0.00975646544343434,0.015285611688154038,0.04375025254128626,0.003839118793226583
0.005107171860655872,0.00408010927264448,0.0032104400768152505,0.011916750463722096,0.05108936636231035,0.02364310730123189,0.04730209023151824,0.046358376003416135,0.018642294107991925,0.009740870825293822,0.12719354589439608,0.12777403052070346,0.08261421185796755,0.09009187385411932,0.09434593072512296,0.1538056036790994,0.008317856228101423,0.011958754370457141,0.01445822015983001,0.06311793833201906,0.005231457872583517
0.004817612434076622,0.005059506588134514,0.0033033690396106416,0.009656102410802005,0.03304659475000002,0.02649370463830676,0.038743337863291316,0.0394033463419773,0.01556904775087392,0.02602439742819733,0.14117994459053906,0.13973235078307872,0.07822485021410085,0.08214997310081705,0.08118681438210769,0.17481319921014193,0.008323078591908947,0.013041536869281856,0.016390151239358528,0.058440221335066135,0.004400860438328839
0.0059639478581041475,0.00507719010682722,0.0035956476888769693,0.013199822061178448,0.049237064806221684,0.02946521354830896,0.049150372453885684,0.04882058716413508,0.020649451715399524,0.007660895257355718,0.1325536824768969,0.1329551399923089,0.07749663121220285,0.0854687682009361,0.08894633727106871,0.14584287960490686,0.008350289956975482,0.012332848128465529,0.012246917604221743,0.06633019093910549,0.004656121952618001
0.006447278409995082,0.0048416103427390686,0.004288169167739768,0.015432590287005934,0.050100644668932964,0.02440832219723057,0.04886461558080288,0.04699439722109895,0.027013005560470375,0.00989458496804475,0.13901369231888194,0.1382907789643552,0.0607198408563371,0.07060570011429779,0.07467434082839451,0.12208202472842368,0.010445192557900388,0.013302185786583764,0.013978152943745973,0.1110665644158314,0.007536308081187897
0.005077366276548825,0.003785332779887007,0.0022731819058843016,0.012409479748644314,0.04788294915252708,0.026527929533303147,0.0452818688172184,0.04455273131969563,0.01539552732631897,0.009977925178375258,0.13509511755268838,0.13638424350234302,0.08881166076286105,0.0893433484697756,0.09265754251724836,0.16218318379972432,0.008139420539936465,0.0109496762940604,0.014930485644723622,0.0435135183642992,0.004827510513936625
0.00520861264924305,0.004351042195244382,0.003022672514636589,0.01181173318512945,0.04583294077954575,0.0252612287832424,0.044917678431215545,0.04457633858357973,0.015969841864537978,0.00791685449715869,0.14223188271902054,0.14286040517039034,0.08852789914571799,0.09194384896015056,0.08870675816577475,0.15301004623070066,0.008283405656202784,0.011334842517727655,0.01243236851005498,0.04768110199937192,0.004118497441354245
0.006476742439031832,0.004124832940813511,0.0038052401641898883,0.011523502121365952,0.040039309866539516,0.02454890430053135,0.0470081627268774,0.04799200350100345,0.020767121818296683,0.00839854983136978,0.17186637447686562,0.16580906779162796,0.06545564627197427,0.07461607893019775,0.07051047339400708,0.15080864539546346,0.008412962289610084,0.01220097096636229,0.015983662104946797,0.044970645916104265,0.004681102752821099
0.004828740107441514,0.0039447878948917995,0.0021190516782421303,0.01022821721528264,0.04146138716058147,0.02508805702289668,0.040366990115387455,0.0469987845101504,0.015398373845254203,0.009217727860563105,0.16108870940806294,0.16086852007080532,0.0719078303169911,0.08143322368959957,0.08455697505659998,0.16210515275293624,0.007570238331024462,0.009746319745144205,0.013300306788767991,0.044393107609681,0.003377498819695782
0.005643269847552873,0.004389230099433308,0.0030160915732042964,0.012446311534529887,0.04716970915080407,0.028641852387138605,0.04443296636502918,0.04494641756498488,0.01840941777641799,0.02055488679931065,0.1229877887292847,0.12255580421679975,0.08175566449131988,0.08981459693305377,0.09724895534770232,0.15097657470272874,0.009501712137855256,0.012451319765547756,0.019302286683964675,0.057821399431545475,0.005933744461791944
0.004237368160684927,0.002953331857089664,0.0020430520496211397,0.010602815495617991,0.0432242044728272,0.024299994273890582,0.041391480304231364,0.042589906303097134,0.01222181191025917,0.006908195995923667,0.1578199937174344,0.15714292708333386,0.08025280720248132,0.08370787550900285,0.08738886707510247,0.17203503250103358,0.006432027661675103,0.008817429487328788,0.013766759503471015,0.038782726538342215,0.0033813928975515877
0.005545565588948158,0.005426301959404122,0.004471508283065978,0.012890777209867916,0.037434356167148665,0.02457063180115177,0.04337354516076823,0.0426471633219945,0.022900631736954214,0.009417704833656459,0.11713121105887454,0.11713917256321052,0.08108932578220836,0.08460558218311917,0.0892372332602101,0.14346252790101618,0.010025270443285815,0.015958856791220645,0.014207722611097257,0.11225173352261147,0.0062131778201859
0.005443068068205928,0.0056555217288741634,0.0029359950882989964,0.01343915501403842,0.049674257477764536,0.023185308346612126,0.04980677629813483,0.050829384470500526,0.01892989493390728,0.02412440335658629,0.12806044405152206,0.12740181590440725,0.07741994444626403,0.0838817577330162,0.08699837874418745,0.15824048280043654,0.008988137090378406,0.014377951589375854,0.015997554438608768,0.05000588565768861,0.004603882761191773
0.004759597245027281,0.0035996805580130156,0.002337096740863948,0.009570029274421769,0.04161346406383809,0.025052537900844583,0.042725997676542234,0.04099588003828452,0.013427290001685323,0.01395516344152964,0.14423010434321878,0.1435995961961565,0.08183254396188099,0.09040619704724824,0.09345111098751882,0.16821401406844289,0.0079304579819539,0.010509734538145956,0.017752929956539206,0.04001563710382708,0.004020936874017204
0.004323720372901808,0.0028858740359013523,0.0022308022937000747,0.00825296533210731,0.03601256037953508,0.02091805988489347,0.03687571391518378,0.03611153222504048,0.010620563253101005,0.007548963698709751,0.14144979162879212,0.13824682170549568,0.11414393299675503,0.110449850180828,0.09476524371776826,0.16106276966340666,0.006221261516168096,0.008049081553583316,0.01851459783232564,0.038205194007881915,0.003110699805921241
0.00342649430331737,0.002742815198331357,0.0017826821535292386,0.0070901645415687095,0.028801439005720575,0.018553172403010774,0.03438130056817916,0.033240574251722665,0.010435022888560672,0.01599338958604719,0.16585514822659955,0.16681709301834524,0.07929947060692713,0.08449715413720563,0.08055973997651064,0.1946661292243642,0.005556023191813029,0.007763910457149736,0.02081657342817308,0.0350905418999963,0.0026311609329277104
