pitcher_id,naive_acc,rf_mean_acc,rf_comp_mean_acc,naive_acc_std,rf_acc_std,rf_comp_std,svm_mean_acc,svm_comp_mean_acc,svm_acc_std,svm_comp_std,pitch_vol,ave_conf,ave_train_size,unique_pitches,start_relief,rf_test_naive_acc,rf_test_acc,rf_test_comp_acc,svm_test_naive_acc,svm_test_acc,svm_test_comp_acc
112526,0.5477493380406002,0.691791703442189,0.1440423654015887,0.26203373332465346,0.07198872639739996,0.23016422993998334,0.6983230361871138,0.15057369814651367,0.05107391303753861,0.2276768102474644,0.2491089507737713,0.6019515445719329,4532.0,3.0,Starter,0.8285839544059623,0.11661551950898727,-0.711968434896975,0.8285839544059623,0.38974134151687856,-0.43884261288908377
276351,0.632243623112962,0.5556949505465903,-0.07654867256637166,0.03672165571431369,0.07572011363296896,0.07876255591606741,0.5215009543640465,-0.11074266874891547,0.05645732916983999,0.05973952686809812,0.031538120999626336,0.6364893930465527,1357.6,3.0,Reliever,0.6378446115288221,0.6027568922305765,-0.03508771929824561,0.6378446115288221,0.5112781954887218,-0.12656641604010033
276542,0.4976476692899767,0.4653651013289515,-0.03228256796102511,0.04955329605259758,0.02390543069446255,0.06599656966866127,0.5292282856236847,0.0315806163337081,0.029250736158776644,0.06903270639500846,0.0497633933565524,0.5317372517444982,1490.4,3.0,Reliever,0.59465737514518,0.4494773519163763,-0.1451800232288037,0.59465737514518,0.5911730545876888,-0.003484320557491261
279571,0.5598393574297189,0.459437751004016,-0.1004016064257028,0.02880388928038732,0.0837655121251964,0.1108026233224636,0.41044176706827307,-0.14939759036144576,0.07140919123178431,0.05958951643692019,0.03157363996439218,0.5868975903614457,996.0,4.0,Starter,0.5501583949313622,0.5174234424498416,-0.03273495248152058,0.5501583949313622,0.4456177402323125,-0.10454065469904966
282332,0.5745279534979642,0.4894486356173494,-0.08507931788061475,0.07507815709994939,0.11068176543665348,0.110377080526811,0.4159734045699505,-0.15855454892801366,0.07309409282839582,0.057408033758134615,0.05902115522115945,0.7180174293886308,4475.2,4.0,Starter,0.5094410876132931,0.5060422960725075,-0.003398791540785595,0.5094410876132931,0.3697129909365559,-0.1397280966767372
285079,0.4925723951593369,0.7085934750345599,0.21602107987522304,0.3793089156698328,0.20335256101697965,0.2479265846398432,0.7475861589046815,0.2550137637453446,0.03240449348996654,0.3780822429739624,0.3022021001912927,0.5113963683952233,4890.4,4.0,Starter,0.8123259052924791,0.7256267409470752,-0.08669916434540381,0.8123259052924791,0.4216573816155989,-0.39066852367688015
407793,0.5893455156686941,0.5709126506824106,-0.018432864986283447,0.09217177304829208,0.054683693157135976,0.07199725768362474,0.5589672081178468,-0.030378307550847205,0.09532955084748997,0.05757988168927253,0.07069718861255167,0.4253956743002544,5030.4,3.0,Starter,0.5238938053097345,0.5437168141592921,0.01982300884955757,0.5238938053097345,0.3543362831858407,-0.1695575221238938
407822,0.38819295055751496,0.448918267650989,0.060725317093474125,0.059731000004253035,0.02355136195816262,0.049522674699411656,0.3921750750290259,0.0039821244715108955,0.03932120992328715,0.027442862067740117,0.0822029840295778,0.4653845268006701,3820.8,4.0,Starter,0.4798657718120805,0.4272930648769575,-0.052572706935123004,0.4798657718120805,0.383668903803132,-0.0961968680089485
407845,0.5944089550489363,0.544044618961105,-0.05036433608783133,0.02966104013135276,0.04725474075617564,0.06675862032400487,0.5807165601984801,-0.013692394850456124,0.027150357272795696,0.02275057952875203,0.03321296841377387,0.6164398496240602,1808.8,2.0,Reliever,0.5967741935483871,0.5594758064516129,-0.03729838709677424,0.5967741935483871,0.5020161290322581,-0.09475806451612899
424144,0.4328068153571509,0.4510157503446094,0.01820893498745849,0.04001966746688021,0.09249793929195503,0.11063023039151006,0.5074774591553115,0.07467064379816059,0.06806694655048788,0.08692967539168824,0.13844518445310594,0.7093353494623655,1190.4,4.0,Reliever,0.425249169435216,0.2906976744186047,-0.1345514950166113,0.425249169435216,0.3338870431893688,-0.09136212624584716
425844,0.4323232323232323,0.4489898989898989,0.016666666666666673,0.10698464448766404,0.04778476516318022,0.06356952291078204,0.4579124579124579,0.0255892255892256,0.01810840647747456,0.09254299253083598,0.09909339785192324,0.43786952861952855,4752.0,4.0,Starter,0.4807228915662651,0.3722891566265061,-0.10843373493975904,0.4807228915662651,0.297289156626506,-0.18343373493975906
429719,0.5472191291097697,0.5004180585672703,-0.04680107054249937,0.07356941738772417,0.05455149625512495,0.035383911763678534,0.443017054445291,-0.10420207466447867,0.03629129735629761,0.07298410291417637,0.0632945646440536,0.5667131183745584,1811.2,4.0,Starter,0.6036866359447005,0.43317972350230416,-0.17050691244239635,0.6036866359447005,0.4854070660522273,-0.11827956989247318
429722,0.5386437029063509,0.5773950484391819,0.038751345532830994,0.032418842599063205,0.033886746815846705,0.05168191428721156,0.5311087190527448,-0.007534983853606038,0.0497099196681865,0.07612396436057392,0.026524032170604155,0.5977855758880517,3716.0,3.0,Starter,0.5289833080424886,0.5444613050075873,0.015477996965098663,0.5289833080424886,0.5393019726858878,0.010318664643399143
430641,0.5955804060754737,0.5260960906101572,-0.06948431546531655,0.05968760423686386,0.04562456226730432,0.058318883353822175,0.4713372305443917,-0.12424317553108198,0.04500117585066203,0.05144161053014164,0.04856110049345469,0.6362832310838447,1564.8,4.0,Reliever,0.5557163531114327,0.5615050651230101,0.0057887120115773785,0.5557163531114327,0.557163531114327,0.0014471780028942893
430912,0.4719841909366487,0.427737231879053,-0.04424695905759564,0.04460464401249943,0.05597788123787855,0.05187763740740426,0.34861517209623577,-0.12336901884041288,0.01827086345253872,0.033904424979740555,0.048248895769928066,0.5506278887583236,2042.4,4.0,Starter,0.5513068731848983,0.3165537270087125,-0.2347531461761859,0.5513068731848983,0.5,-0.05130687318489835
430935,0.5949090909090908,0.5307636363636363,-0.06414545454545455,0.05905167928557393,0.0845832877227143,0.07426647575782495,0.4178909090909091,-0.17701818181818182,0.08430668924373481,0.063754238880302,0.046117426992850784,0.5867844363636364,5500.0,4.0,Starter,0.4580449826989619,0.4299307958477509,-0.028114186851211087,0.4580449826989619,0.41998269896193774,-0.038062283737024194
432934,0.5310178244211228,0.5593970988362028,0.02837927441508007,0.052221715323729975,0.06756086883812394,0.06670290604183465,0.5911015080694947,0.060083683648371924,0.012074596307634992,0.04538903158160739,0.05701760966003981,0.7159368770764121,3130.4,3.0,Starter,0.4272388059701493,0.582089552238806,0.15485074626865675,0.4272388059701493,0.5932835820895522,0.16604477611940302
433586,0.5720273912726743,0.5143163109200846,-0.057711080352589775,0.02754471282083705,0.038084017255748184,0.0550690542052709,0.399848473810738,-0.1721789174619363,0.05278527764978644,0.058792969065577835,0.07723845802193915,0.7388586076632488,1482.4,4.0,Reliever,0.6227897838899804,0.5333988212180747,-0.08939096267190573,0.6227897838899804,0.4567779960707269,-0.16601178781925352
433587,0.4177377281640772,0.4135499532588464,-0.004187774905230856,0.05332605585089935,0.021324323440286785,0.03740823379217105,0.441060484547192,0.02332275638311476,0.02568579594023363,0.03320646388438195,0.05558253636223905,0.6392866642375661,4391.2,3.0,Starter,0.44243301955105,0.4105720492396814,-0.03186097031136858,0.44243301955105,0.4359160028964518,-0.00651701665459814
433589,0.3432038834951457,0.3898058252427185,0.04660194174757282,0.09448702108416984,0.08264696761247657,0.07764562727429987,0.5048543689320388,0.1616504854368932,0.05171668872005463,0.1445966498866774,0.12656968215128556,0.6749131067961165,1648.0,4.0,Starter,0.484375,0.26264880952380953,-0.22172619047619047,0.484375,0.35267857142857145,-0.13169642857142855
434378,0.5779690189328743,0.5611015490533562,-0.016867469879518038,0.025381282296710824,0.018680844820950258,0.012501906917270168,0.4067125645438899,-0.1712564543889845,0.06860240609758438,0.07000531312374221,0.047972070449221714,0.753601635111876,4648.0,4.0,Starter,0.5861220472440944,0.49975393700787396,-0.08636811023622043,0.5861220472440944,0.3850885826771653,-0.2010334645669291
434538,0.5229704428871594,0.5102716249369065,-0.012698817950252959,0.04867172017441214,0.05769770846357492,0.08044976704389056,0.5030829254263949,-0.01988751746076465,0.02290095750025449,0.06375880295017444,0.048948852588057166,0.6303693902021239,4670.4,3.0,Starter,0.5115103874227962,0.5087029758562606,-0.0028074115665356336,0.5115103874227962,0.4856822010106682,-0.025828186412128033
434622,0.27230538189858433,0.3191141700827357,0.046808788184151386,0.1253256382323974,0.03738946998761906,0.10982931590412752,0.3854009111691598,0.11309552927057548,0.022691393900055076,0.10358603442501968,0.08287368097873965,0.4924971103485642,4429.6,5.0,Starter,0.3613803799922449,0.2873206669251648,-0.07405971306708026,0.3613803799922449,0.335401318340442,-0.025979061651803026
434628,0.5258759403880339,0.5139535471478759,-0.011922393240158036,0.016802513990468945,0.02590872752894351,0.03294381319417702,0.4456685284875444,-0.08020741190048948,0.0588556626513346,0.05522113962321097,0.019124059302637737,0.6103273678414097,4358.4,4.0,Starter,0.5004981733643308,0.4911989372301561,-0.00929923613417466,0.5004981733643308,0.39023580205911657,-0.1102623713052142
434671,0.5018645731108929,0.4745829244357213,-0.027281648675171744,0.05970183851784466,0.052469333697206584,0.02827526721148492,0.3403336604514229,-0.16153091265947006,0.1170264862785272,0.06334594296108732,0.04307908763462991,0.6824723258096173,4076.0,5.0,Starter,0.3371150729335494,0.2917341977309562,-0.045380875202593214,0.3371150729335494,0.30740140464613724,-0.029713668287412176
444468,0.6226600985221676,0.5497536945812806,-0.07290640394088672,0.0265461942567635,0.10196449376993696,0.11571217810083193,0.5862068965517241,-0.03645320197044335,0.07798202264159562,0.09129130174274186,0.02452235177705548,0.5428637931034482,1624.0,3.0,Reliever,0.6116412213740458,0.6116412213740458,0.0,0.6116412213740458,0.5706106870229007,-0.04103053435114501
444857,0.3747400247620768,0.3062409998352737,-0.06849902492680307,0.040292698807324966,0.10178466233041948,0.09292265651018912,0.3711473981221206,-0.00359262663995622,0.06752992095282408,0.048975464496154725,0.07593780661794729,0.6550769732550555,2452.8,4.0,Starter,0.3401574803149606,0.294488188976378,-0.04566929133858266,0.3401574803149606,0.3931758530183727,0.05301837270341209
445060,0.4234369867130765,0.4107595423315371,-0.012677444381539494,0.06251889838823861,0.06286024322696228,0.07639268238201828,0.4305780964961943,0.007141109783117705,0.05951264488801913,0.028642191890233964,0.0589281820501428,0.6316772402854878,3026.4,4.8,Starter,0.4834630350194553,0.4335278858625162,-0.04993514915693903,0.4834630350194553,0.4617380025940338,-0.02172503242542151
445197,0.6349422114887011,0.5325789201311022,-0.10236329135759874,0.037680226303790136,0.11562700489013546,0.12296344064198594,0.5537847162325342,-0.08115749525616696,0.01612286469554808,0.04382790740484987,0.04608844012665307,0.4908512639623751,1360.8,4.0,Reliever,0.5182232346241458,0.5170842824601367,-0.0011389521640090552,0.5182232346241458,0.4965831435079727,-0.0216400911161731
445276,0.5632189273517922,0.546996535881876,-0.01622239146991624,0.4158605136588375,0.21438160548330595,0.3507565571500551,0.7981794953688917,0.2349605680170995,0.11500338651307725,0.4510256550389522,0.3879570439939197,0.6925852751611304,1613.6,3.0,Reliever,0.061174551386623165,0.06606851549755302,0.004893964110929856,0.061174551386623165,0.4926590538336052,0.4314845024469821
445926,0.5550839248742976,0.489784826974268,-0.06529909790002959,0.10429762277376307,0.06968767774972474,0.07656825194926062,0.4172057083703046,-0.1378782165039929,0.13617434211473906,0.060380638552664526,0.0751678455117292,0.6498584443840087,2941.6,5.0,Starter,0.5800865800865801,0.30952380952380953,-0.27056277056277056,0.5800865800865801,0.4601731601731602,-0.11991341991341993
446372,0.5478372981492026,0.5209727826323738,-0.02686451551682879,0.020487889639367308,0.03802150933738265,0.034118920569787145,0.4389723659347641,-0.10886493221443838,0.0537087696896271,0.042309518969833634,0.046661101281731024,0.6769838408503304,5569.6,4.0,Starter,0.4237012987012987,0.4123376623376624,-0.011363636363636355,0.4237012987012987,0.4103896103896104,-0.013311688311688273
446399,0.4200692041522491,0.4,-0.02006920415224913,0.05012406633143755,0.053497987792630285,0.05166728430430475,0.4505190311418685,0.03044982698961939,0.024506479182873023,0.04766553732241539,0.09268738065269673,0.8093529411764705,1156.0,3.0,Reliever,0.2912820512820513,0.29025641025641025,-0.001025641025641011,0.2912820512820513,0.4256410256410256,0.13435897435897434
446899,0.4250177600392659,0.6051691401557717,0.18015138011650586,0.25008575693494645,0.058567795219291376,0.2668491846435184,0.6691866547835859,0.24416889474432005,0.05769737825296685,0.2877675059302969,0.2319871817964305,0.5537642276422764,1574.4,4.0,Reliever,0.21120689655172412,0.3390804597701149,0.12787356321839075,0.21120689655172412,0.375,0.16379310344827586
448306,0.407362172992033,0.4154460020711965,0.008083829079163463,0.023007529092464358,0.028439310261067392,0.01810184349643273,0.42182490051852417,0.014462727526491147,0.019130854665738654,0.030666358142149918,0.04347840394480356,0.5058995958967982,5147.2,4.0,Starter,0.3909587680079483,0.4058618976651763,0.01490312965722801,0.3909587680079483,0.43864878291107795,0.047690014903129685
448609,0.4991521047458812,0.497399676833636,-0.0017524279122453688,0.040027775188326786,0.03908047032485471,0.07506070646428709,0.5748629874564808,0.07571088271059953,0.07667855736302827,0.0978192413158594,0.11594409755201088,0.5232059503177354,1384.8,3.0,Reliever,0.4939759036144578,0.3644578313253012,-0.12951807228915665,0.4939759036144578,0.5135542168674698,0.019578313253012014
448614,0.5782477839620697,0.4682457225314368,-0.11000206143063287,0.14507181021888085,0.1590204722564051,0.22380429155090176,0.5359967017109875,-0.04225108225108226,0.15219981653963754,0.08429096267333115,0.11043911267703037,0.5507865576748411,1761.6,4.0,Starter,0.5906526994359388,0.5842062852538276,-0.0064464141821112255,0.5906526994359388,0.5785656728444802,-0.01208702659145855
448802,0.3481549578178792,0.4350980466336272,0.08694308881574797,0.0100561583191283,0.034269579301135715,0.03792589423885268,0.4326402602807097,0.08448530246283055,0.052941272084234416,0.05913439984855773,0.025586442856259984,0.6066972147349506,3561.6,5.0,Starter,0.28129952456418383,0.34548335974643424,0.0641838351822504,0.28129952456418383,0.3811410459587956,0.09984152139461172
450172,0.4618434455532426,0.4536537988157637,-0.00818964673747912,0.059183464924541934,0.04283694776107747,0.05087181950494777,0.4157863513097359,-0.04605709424350694,0.08719001167542352,0.04341365642142942,0.04420300610934391,0.4366557118254879,5574.4,4.0,Starter,0.4236615994712492,0.3780568407138136,-0.045604758757435526,0.4236615994712492,0.3972240581625909,-0.026437541308658274
450212,0.5191868063478893,0.5701524738097707,0.05096566746188151,0.11081873038354437,0.11845362608130272,0.0665861089534109,0.6461943781765378,0.1270075718286485,0.08250131247989081,0.06887853006101476,0.08727999817404,0.5190202963917526,1241.6,3.0,Reliever,0.4745057232049948,0.5067637877211238,0.03225806451612906,0.4745057232049948,0.4422476586888658,-0.032258064516129004
450308,0.3874585329221257,0.4216168332640697,0.034158300341943906,0.0621759626815404,0.010457581907018938,0.06643776829467687,0.4911247694248198,0.103666236502694,0.05646134739564172,0.08151234633716457,0.15120447254185349,0.8752759213290051,4189.6,3.0,Starter,0.32680722891566266,0.2951807228915663,-0.03162650602409639,0.32680722891566266,0.32379518072289154,-0.003012048192771122
450729,0.4221427110069561,0.4815461909013131,0.059403479894357035,0.20410367328488696,0.07153773308893296,0.2237978531478128,0.5341312353531972,0.11198852434624113,0.10203057338302086,0.30024270360536565,0.18691585031759406,0.6679763855941342,3709.6,4.0,Starter,0.07074569789674952,0.3588272785213512,0.28808158062460165,0.07074569789674952,0.378585086042065,0.30783938814531553
451584,0.6136801022811386,0.5301675526545993,-0.08351254962653927,0.07619172716133721,0.09388100247922207,0.069328908645475,0.3725361684947177,-0.2411439337864209,0.14394518331637318,0.12638082785524934,0.10003559240760217,0.6906102178423238,1542.4,3.8,Reliever,0.4758269720101781,0.4749787955894826,-0.0008481764206954567,0.4758269720101781,0.4758269720101781,0.0
451596,0.506662897865488,0.42613064035358206,-0.08053225751190599,0.04451024935152568,0.035739857219491834,0.06941593340488088,0.3722569979785521,-0.13440589988693594,0.03162472572342594,0.05060012212336406,0.039113655151981716,0.6538273787486116,4321.6,4.0,Starter,0.5028471309680246,0.35216819973718794,-0.15067893123083664,0.5028471309680246,0.387209811651336,-0.11563731931668865
451661,0.6644672131147541,0.6336540120793788,-0.03081320103537535,0.04184672709207871,0.056864445209322885,0.05124451621589232,0.565299827437446,-0.09916738567730804,0.032850363712230816,0.0301694906163094,0.04012593147419101,0.848844386080105,1218.4,3.0,Starter,0.7912087912087912,0.2835164835164835,-0.5076923076923077,0.7912087912087912,0.6406593406593407,-0.15054945054945046
452657,0.486028113026247,0.4418214657368754,-0.04420664728937159,0.024575997376971085,0.07559625637457268,0.07906703453311123,0.33634907439525696,-0.14967903863099016,0.020692497046950108,0.02959729693445308,0.02563638201099737,0.4547388449590512,5665.6,5.0,Starter,0.38895486935866985,0.38568883610451293,-0.003266033254156808,0.38895486935866985,0.3476840855106889,-0.041270783847981
453172,0.7737539156407081,0.7575741239892183,-0.01617979165148975,0.04780735704593154,0.05877402199678016,0.017465384546229396,0.6247468492751511,-0.1490070663655569,0.06498531996689777,0.08567648404775513,0.044358766339116236,0.45001052915766737,1481.6,4.0,Reliever,0.6923076923076923,0.6549450549450551,-0.03736263736263734,0.6923076923076923,0.5758241758241758,-0.11648351648351653
453178,0.6399565005647787,0.5403048020214744,-0.09965169854330437,0.026410932306701745,0.09251970399941377,0.11580826692023125,0.3707649883092081,-0.26919151225557064,0.05414457655824029,0.02841711660677869,0.04823650987891909,0.4695916493693118,5010.4,5.0,Starter,0.6079696394686906,0.5438330170777989,-0.0641366223908918,0.6079696394686906,0.5320683111954461,-0.0759013282732447
453192,0.5801751437417073,0.5687757629367536,-0.011399380804953596,0.04011091885738696,0.04678539583425144,0.05605623197734552,0.6007554179566563,0.020580274214949124,0.01048233218651722,0.04598243876073415,0.038168362850839466,0.7751007572570467,1901.6,2.0,Reliever,0.5762081784386617,0.4656133828996282,-0.11059479553903344,0.5762081784386617,0.6124535315985129,0.036245353159851335
453265,0.7357803436873204,0.7003501924432156,-0.035430151244104764,0.048364053536255815,0.07089925414158132,0.06291863712698828,0.6243768634466308,-0.11140348024068956,0.055400637829914105,0.0737808200841999,0.0416172457177547,0.6973168685927307,1716.8,3.0,Reliever,0.6583564173591875,0.6343490304709142,-0.024007386888273308,0.6583564173591875,0.6214219759926131,-0.03693444136657442
453286,0.5780711471081599,0.5455175733754181,-0.032553573732741765,0.01324827004492673,0.054535714714365024,0.04775373282483286,0.3888138840087743,-0.1892572630993856,0.023010824822717497,0.030523750095991526,0.031902887785445165,0.5854403184892897,5676.8,4.0,Starter,0.4867971419695558,0.4899036968002485,0.0031065548306927764,0.4867971419695558,0.465672569120845,-0.021124572848710776
453343,0.4149634334103157,0.5219014626635874,0.10693802925327177,0.2563674216452306,0.1423647403362848,0.3384332921170318,0.6505057309041142,0.2355422974937987,0.018597772720679185,0.23907227942666515,0.1964359277751426,0.621250346740638,1730.4,5.0,Reliever,0.13346613545816732,0.1752988047808765,0.04183266932270918,0.13346613545816732,0.14940239043824702,0.0159362549800797
453562,0.5758977848920243,0.51509714460984,-0.06080064028218424,0.06248703872453189,0.06526396559488745,0.08214229996330973,0.4821579810024058,-0.09373980388961843,0.07861235696413826,0.02760177711872771,0.05465779473313133,0.5580931182497922,5777.6,4.0,Starter,0.6335382513661202,0.2346311475409836,-0.3989071038251366,0.6335382513661202,0.34562841530054644,-0.2879098360655737
456034,0.5532085913701258,0.4795254425889438,-0.07368314878118205,0.045063217531854036,0.0948788487650725,0.12621773115592014,0.40051004006075897,-0.15269855130936688,0.08127527357434876,0.1155735448839499,0.05048467335795491,0.5293322698886777,5892.8,4.0,Starter,0.5769516728624535,0.5732342007434944,-0.00371747211895912,0.5769516728624535,0.4118959107806692,-0.16505576208178435
456068,0.5422143450838507,0.5035359116022099,-0.03867843348164083,0.04475848657243686,0.056852834936190026,0.06522309683945747,0.34364103065564955,-0.19857331442820125,0.03509676151549723,0.03744137205060137,0.04566600410575602,0.8045075187969926,3617.6,4.0,Starter,0.5144440047487139,0.5065294815987337,-0.007914523149980202,0.5144440047487139,0.4289671547289276,-0.08547685001978628
456501,0.4934747751959024,0.4299340038501943,-0.06354077134570822,0.025178407442713026,0.06349730382522276,0.07650963604826255,0.4150474237375032,-0.0784273514583993,0.04985194300731157,0.06554444508038591,0.025050918882290097,0.650443845717527,5641.6,4.0,Starter,0.4910678840809845,0.4100833664152441,-0.08098451766574039,0.4910678840809845,0.3759428344581183,-0.11512504962286617
457918,0.7166970999737573,0.6896714988987677,-0.02702560107498959,0.050896238504386286,0.04625149394527791,0.036269646276790066,0.5517401943609761,-0.16495690561278115,0.05196584013492438,0.01882234251452303,0.04532091601354914,0.6542292771883289,4825.6,3.0,Starter,0.7096254530809505,0.4204591220298027,-0.2891663310511478,0.7096254530809505,0.5416834474426098,-0.16794200563834072
458677,0.7412609548106678,0.6818935582169938,-0.05936739659367396,0.022859279905675912,0.0592312180025944,0.07122930782390005,0.5568327309663855,-0.1844282238442822,0.08716509527089371,0.10017005331251633,0.026876001170009732,0.6771928501945526,1644.8,3.8,Reliever,0.6728232189973615,0.6552330694810906,-0.01759014951627091,0.6728232189973615,0.6508355321020228,-0.0219876868953387
458708,0.4030697997612684,0.38184676456727307,-0.021223035193995245,0.05280098224259863,0.037137642181097136,0.06467973852883582,0.35457563217441856,-0.0484941675868498,0.021468207909163137,0.05984333160147162,0.04839612810057764,0.5209580382900604,3050.4,4.0,Starter,0.18646474207288216,0.30336015144344536,0.1168954093705632,0.18646474207288216,0.3440605773781353,0.15759583530525315
459429,0.8700201445668918,0.8170731129280722,-0.05294703163881975,0.04533311115099504,0.06028036021600499,0.08294350109325885,0.7166607417940514,-0.15335940277284038,0.1097229487139291,0.08934636867889667,0.04954739154138284,0.5406795048143053,1163.2,3.0,Reliever,0.93446088794926,0.9281183932346724,-0.0063424947145878105,0.93446088794926,0.6141649048625792,-0.32029598308668084
461325,0.4517745302713987,0.4630480167014614,0.011273486430062641,0.01192722910821352,0.012828635904582228,0.009392252091191657,0.44050104384133615,-0.011273486430062618,0.02512168510478717,0.029364427511511037,0.027802828179039268,0.8895087682672232,1916.0,3.0,Reliever,0.3800539083557952,0.389937106918239,0.009883198562443851,0.3800539083557952,0.44833782569631625,0.06828391734052107
461829,0.6490951067362586,0.6443786011497219,-0.004716505586536757,0.013315359143252856,0.018683621754614584,0.008595341665926754,0.5072375584618336,-0.14185754827442498,0.030514765887483863,0.03880782563571638,0.021988710993639717,0.6839603058402473,4917.6,3.0,Starter,0.5608782435129741,0.5489021956087824,-0.011976047904191713,0.5608782435129741,0.4895922440832621,-0.07128599942971202
461833,0.5815026379666592,0.493841401031114,-0.08766123693554535,0.09937596296445672,0.06405424880989014,0.15683017423567486,0.3655268912114586,-0.21597574675520076,0.04423491727598846,0.11245741940943137,0.0714404547201038,0.6596667722521382,2525.6,4.0,Starter,0.4884233737596472,0.4233737596471885,-0.06504961411245863,0.4884233737596472,0.35501653803748623,-0.13340683572216094
462136,0.4190782945969512,0.4091294837487597,-0.00994881084819148,0.11679567151916508,0.09185403449137836,0.07386035353433477,0.3415606803171072,-0.07751761427984408,0.035751349819554,0.11887647493058635,0.08699663982685776,0.5510641025641025,5054.4,5.0,Starter,0.5363524337646334,0.3977202711028959,-0.1386321626617375,0.5363524337646334,0.2979051139864449,-0.2384473197781885
462382,0.7197149643705464,0.6935866983372921,-0.026128266033254174,0.04209036851940463,0.03599182313515591,0.05112133416556623,0.6194774346793349,-0.1002375296912114,0.0585576933227705,0.0740452857406726,0.04848208149122042,0.446104513064133,1684.0,3.0,Reliever,0.6824254881808839,0.6793422404933196,-0.0030832476875642945,0.6824254881808839,0.5899280575539568,-0.09249743062692706
465657,0.6019233525638729,0.5731510015408321,-0.02877235102304083,0.12117241974717465,0.0966917016732184,0.040301998995383705,0.5506879994266671,-0.05123535313720571,0.12062782191895005,0.018697834533649912,0.0996614681739524,0.4536975021168501,1889.6,3.0,Reliever,0.4944500504540868,0.29061553985872857,-0.20383451059535826,0.4944500504540868,0.4288597376387488,-0.06559031281533806
467008,0.5114043191281412,0.5496873786667738,0.03828305953863248,0.03221472337888244,0.013057168498350024,0.02722388497113481,0.5864401333493995,0.07503581422125825,0.003630999540898067,0.03073157432325692,0.029566152675521627,0.4649609213250518,1545.6,3.0,Reliever,0.28846153846153844,0.43223443223443225,0.14377289377289382,0.28846153846153844,0.32142857142857145,0.032967032967033016
471822,0.3491525423728813,0.3878347017493318,0.03868215937645044,0.21212864877507814,0.1038761942974518,0.2604235133946189,0.4799827147452825,0.1308301723724012,0.05428714539785507,0.2461077751489803,0.1460329609381971,0.7304833239118146,1415.2,4.0,Reliever,0.3858998144712431,0.08905380333951762,-0.29684601113172543,0.3858998144712431,0.17625231910946196,-0.2096474953617811
471911,0.6051296703296704,0.5707284715284715,-0.03440119880119881,0.05365252332415172,0.0567770129588528,0.07242081603706534,0.4898251748251749,-0.11530449550449552,0.04608976288990062,0.03816644228702727,0.0642732458885881,0.5569503397282174,4003.2,3.0,Starter,0.4921549791866795,0.494716618635927,0.002561639449247477,0.4921549791866795,0.5116874799871918,0.019532500800512283
472551,0.5775568181818181,0.5168573667711599,-0.06069945141065829,0.034310841348723184,0.06712247549642163,0.049952342080714016,0.4511344043887146,-0.12642241379310346,0.057144458411090275,0.05793255154132153,0.05866321239837824,0.6061229662077596,1278.4,4.0,Reliever,0.5240572171651495,0.5162548764629389,-0.0078023407022106426,0.5240572171651495,0.4317295188556567,-0.09232769830949283
473879,0.7633410672853829,0.7053364269141531,-0.0580046403712297,0.04048042410684808,0.0639294296029495,0.0713320304548115,0.6561484918793503,-0.10719257540603253,0.029252747122922505,0.05481533654141888,0.0490025095646761,0.7323563805104408,1724.0,4.0,Reliever,0.6504854368932039,0.6504854368932039,0.0,0.6504854368932039,0.5997842502696872,-0.05070118662351675
474699,0.2909465020576132,0.3736625514403292,0.08271604938271605,0.015041701137857681,0.10448623692421248,0.09431323088782358,0.3798353909465021,0.08888888888888889,0.08675810698335301,0.07468200465191348,0.1215626251804065,0.5105026748971193,1944.0,5.0,Starter,0.0,0.016168148746968473,0.016168148746968473,0.0,0.02263540824575586,0.02263540824575586
475243,0.6655634478568709,0.6632042743341227,-0.002359173522748525,0.04978770807069334,0.0496157812149982,0.004598725986033957,0.5148256028525843,-0.15073784500428686,0.0561297552904163,0.07023656767819245,0.041485022739149724,0.5592478084962913,2372.8,5.0,Starter,0.5597189695550351,0.538056206088993,-0.021662763466042127,0.5597189695550351,0.490632318501171,-0.06908665105386412
475479,0.6780357568963267,0.6329988159073616,-0.045036940988965005,0.1179260559694114,0.14222261206623504,0.06435509592836379,0.4196271233752493,-0.2584086335210773,0.1625417486736113,0.1709578780734068,0.08252561550189337,0.5011931272509004,2665.6,4.0,Starter,0.525231719876416,0.5211122554067971,-0.004119464469618972,0.525231719876416,0.4613800205973224,-0.06385169927909368
476451,0.4363897622450305,0.4049515395608679,-0.03143822268416265,0.1379212461625702,0.0716319490246097,0.08519182671180515,0.4762440777792213,0.03985431553419081,0.09595209774552596,0.18374831890287555,0.10869366073900973,0.8567626140383541,4296.8,4.0,Starter,0.4623944742900998,0.3027628549501151,-0.15963161933998465,0.4623944742900998,0.2993092862624712,-0.16308518802762856
476454,0.5389312977099237,0.567175572519084,0.028244274809160294,0.033265280258780026,0.024211834392601068,0.0454086200762304,0.6095419847328245,0.07061068702290077,0.03571507653523536,0.056779219150043074,0.0345419847328244,0.6816007633587786,2096.0,2.0,Reliever,0.5406091370558376,0.562605752961083,0.021996615905245376,0.5406091370558376,0.5981387478849408,0.05752961082910324
476589,0.3745275218521144,0.3389935306838213,-0.03553399116829309,0.05524561750263736,0.059713676318537065,0.08681598212218042,0.2813866325028621,-0.0931408893492522,0.0587663217070789,0.07700011925526917,0.05711497808456295,0.7017569360675512,2652.8,5.0,Starter,0.3804347826086957,0.4268774703557312,0.046442687747035534,0.3804347826086957,0.4110671936758893,0.030632411067193662
477132,0.5078549948235913,0.4951177427571361,-0.01273725206645523,0.03386667422605906,0.02106631251628224,0.027867768613194583,0.4679665204125789,-0.03988847441101233,0.01871085082334446,0.025916803594344368,0.028760488523113713,0.7305028968713789,4832.8,5.0,Starter,0.4801223241590214,0.490655793408087,0.010533469249065563,0.4801223241590214,0.4695888549099558,-0.010533469249065563
477569,0.5948739750986942,0.5553082295778926,-0.0395657455208017,0.005752924917373328,0.029888398237511004,0.034243316266097085,0.4253720012146978,-0.16950197388399638,0.08085921459455807,0.08388795761837882,0.012851675836708648,0.6618707284172662,1779.2,3.0,Reliever,0.665057915057915,0.31177606177606176,-0.35328185328185324,0.665057915057915,0.5212355212355212,-0.1438223938223938
488768,0.6529118833511983,0.6317506320931489,-0.021161251258049463,0.034326649736354166,0.044950096980338326,0.03256284349815873,0.5231669298683446,-0.12974495348285373,0.021213266596486008,0.05114658777080864,0.04188726257643397,0.4981307455664134,4420.8,3.0,Starter,0.6514633219308248,0.6507031546940327,-0.0007601672367920642,0.6514633219308248,0.5241353097681489,-0.12732801216267575
489119,0.4157761717413616,0.4269651613638956,0.011188989622533929,0.15599166332997974,0.06530957393056785,0.13815453746382425,0.41900344965218383,0.0032272779108222125,0.10464091420133444,0.0540867009525564,0.10623464619289673,0.6055247340874557,4738.4,5.0,Starter,0.5612712975098296,0.1169724770642202,-0.4442988204456094,0.5612712975098296,0.2794888597640891,-0.2817824377457405
489265,0.5981422924901186,0.5639631093544136,-0.034179183135704866,0.03709471320153663,0.04371409064680883,0.07238575961623303,0.50366534914361,-0.09447694334650857,0.044596846021298785,0.05437566542134044,0.1044683772719982,0.6958877180232559,1100.8,4.0,Reliever,0.5843439911797134,0.525909592061742,-0.058434399117971325,0.5843439911797134,0.5413450937155457,-0.04299889746416763
490063,0.6788393692850458,0.6545920632634938,-0.0242473060215518,0.02362921896264127,0.05221518775961823,0.03135036186575957,0.4495362037103704,-0.2293031655746754,0.021103277713621013,0.030838740218964218,0.03310144512024706,0.6608277804997551,3265.6,4.0,Starter,0.6047120418848168,0.6015706806282722,-0.003141361256544517,0.6047120418848168,0.5560209424083771,-0.048691099476439785
493157,0.4600706713780919,0.5646643109540637,0.10459363957597173,0.3662959634431171,0.08242840034953122,0.3268702126208697,0.646643109540636,0.18657243816254415,0.10650061784078756,0.31850297234166924,0.2693456376221197,0.4394586572438163,1132.0,4.0,Reliever,0.0,0.13075780089153047,0.13075780089153047,0.0,0.3328380386329866,0.3328380386329866
500779,0.4492279233899656,0.3866193118756937,-0.06260861151427187,0.07483202829203718,0.06958037314961943,0.049556389657469536,0.3793872335581548,-0.06984068983181081,0.05277774779372363,0.0249807917691929,0.08260359194610901,0.7030994116759693,5303.2,4.0,Starter,0.3619075482738444,0.3417203042715038,-0.020187244002340562,0.3619075482738444,0.3323581041544763,-0.02954944411936805
501381,0.5351593657688405,0.5342597620017194,-0.0008996037671210599,0.0222282712215875,0.023758196294353433,0.0195786794487682,0.5142983187573931,-0.02086104701144744,0.02861419453149005,0.039147185475264516,0.03822200505924982,0.8105062039201583,4448.8,3.0,Starter,0.4864341085271318,0.4851421188630491,-0.0012919896640826713,0.4864341085271318,0.5329457364341085,0.046511627906976716
501822,0.599515570934256,0.5614556735473093,-0.03805989738694666,0.07783778363555811,0.07064963153420276,0.04834565064316769,0.4930652666746213,-0.10645030425963488,0.031052131684724288,0.08695003907418063,0.07228455362429859,0.560204356846473,1156.8,3.0,Reliever,0.5133795837462835,0.5193260654112983,0.00594648166501488,0.5133795837462835,0.5064420218037661,-0.0069375619425173785
501925,0.5844836811128946,0.5626129103326724,-0.021870770780222225,0.0650697340840521,0.06106294613427871,0.046615707451380696,0.5541544707770749,-0.030329210335819742,0.03181534021162286,0.06229508880861581,0.07537620900791797,0.8374127874369041,1426.4,3.8,Reliever,0.44082125603864736,0.4335748792270531,-0.007246376811594234,0.44082125603864736,0.4384057971014493,-0.0024154589371980784
501957,0.5829533065445597,0.5457755293331407,-0.03717777721141895,0.045919341873903716,0.04336776754205556,0.06221819445414997,0.3873880379347158,-0.19556526860984386,0.07101817655251039,0.06006366506304595,0.04064117334796962,0.5641788118478626,4753.6,5.0,Starter,0.5181058495821727,0.29972144846796656,-0.2183844011142061,0.5181058495821727,0.3309192200557103,-0.1871866295264624
502032,0.5789486785702231,0.542081969149762,-0.03686670942046106,0.06499269300796429,0.05319120882238736,0.03471770432519942,0.4825855638437912,-0.09636311472643196,0.05065394028004763,0.06747342524641914,0.06774468483067156,0.8499808362369338,2755.2,4.0,Starter,0.4464775846294602,0.3522415370539799,-0.09423604757548032,0.4464775846294602,0.4419030192131748,-0.0045745654162854255
502042,0.5251630489759194,0.5768246311765615,0.051661582200642056,0.025594858466195643,0.01654119081875073,0.015724825834744906,0.5226894961853195,-0.002473552790599865,0.01430262669315985,0.028293604233885224,0.027273513989085257,0.8358613745804756,5482.4,3.0,Starter,0.472459499263623,0.5195876288659794,0.04712812960235646,0.472459499263623,0.5620029455081001,0.08954344624447719
502043,0.5421919978542847,0.5240062812072144,-0.01818571664707038,0.04318098795442277,0.048424928092248035,0.024117764125458824,0.4569132264010304,-0.08527877145325427,0.0493952820384116,0.036089399809247705,0.03912370773034714,0.5967424081920903,4531.2,3.0,Starter,0.5791490992717516,0.4553468761977769,-0.1238022230739747,0.5791490992717516,0.4453813721732465,-0.13376772709850515
502046,0.5910155204566427,0.5678500238726847,-0.02316549658395799,0.027389316672013882,0.02481825145060897,0.029479017051906826,0.4611254204482926,-0.1298901000083501,0.0700014473227843,0.0786795240462015,0.06536289674592298,0.7606755275134464,3867.2,4.8,Starter,0.33856893542757416,0.33856893542757416,0.0,0.33856893542757416,0.3280977312390925,-0.010471204188481686
502083,0.7706264564482608,0.7445080091533179,-0.026118447294942598,0.05722785655202151,0.039766268825931636,0.031204683986809808,0.6053219406713833,-0.16530451577687738,0.04429655114593665,0.07015094941689035,0.052295198294613855,0.6840226648351647,1747.2,4.0,Starter,0.8022657054582905,0.6910401647785788,-0.11122554067971167,0.8022657054582905,0.659114315139032,-0.1431513903192585
502085,0.7872011513504795,0.6430875547449784,-0.14411359660550116,0.17258967605661893,0.2349866801124965,0.2654675182138838,0.6960186598181164,-0.0911824915323631,0.2116183649486876,0.0659651207090705,0.12242837760228505,0.5047303090727817,1604.8,4.0,Reliever,0.3947583947583948,0.3767403767403768,-0.018018018018018004,0.3947583947583948,0.38902538902538897,-0.005733005733005725
502154,0.9118486183637946,0.8491867928633594,-0.06266182550043516,0.014572880691423162,0.11149049718915896,0.12402566871143095,0.7730526544821583,-0.1387959638816362,0.0401909853963616,0.05318233526938102,0.01457936880570774,0.7640925925925925,1533.6,2.8,Reliever,0.8822525597269625,0.6638225255972696,-0.21843003412969286,0.8822525597269625,0.8378839590443686,-0.04436860068259385
502188,0.5319947048909779,0.4492033426833607,-0.08279136220761726,0.0476740617079383,0.08537721291158852,0.10587878045941294,0.4614279299506062,-0.07056677494037171,0.08519082738715088,0.11169275642367504,0.06646127183413345,0.6010054206749121,5239.2,4.0,Starter,0.4927980386147717,0.4158749616916947,-0.07692307692307693,0.4927980386147717,0.4584737971192154,-0.03432424149555624
502190,0.5267245819573715,0.4921995235166743,-0.034525058440697164,0.04236962544790781,0.030342204648858256,0.047595798016365785,0.4573028907688677,-0.0694216911885038,0.02769606674423944,0.05234730686017894,0.04581693648163015,0.6203911469933185,4310.4,3.0,Starter,0.5714285714285714,0.5714285714285714,0.0,0.5714285714285714,0.4990818949687844,-0.07234667645978697
502239,0.4368980082840075,0.4160389867811299,-0.02085902150287753,0.09162184513526928,0.06424353423901615,0.056989183923230685,0.4186253468757262,-0.01827266140828125,0.07263274155010574,0.02296235330317823,0.08201446338206568,0.5584411918452692,1530.4,4.0,Starter,0.4431295200525971,0.3274161735700197,-0.11571334648257725,0.4431295200525971,0.2590401051939514,-0.1840894148586456
502327,0.515182702116687,0.473045587380937,-0.042137114735749805,0.08979046826148702,0.07319793679773719,0.046112423679063215,0.4142792611358511,-0.10090344098083576,0.030830333560451107,0.06344272323167055,0.07616907343292964,0.6164957224334601,5049.6,5.0,Starter,0.5781376518218624,0.5287449392712551,-0.04939271255060729,0.5781376518218624,0.36275303643724705,-0.2153846153846154
502381,0.4475920679886686,0.4322946175637393,-0.015297450424929191,0.06301444855931686,0.16231676616883636,0.2121024297705124,0.4968838526912182,0.04929178470254958,0.09444268074122954,0.14479883925516007,0.10350827512566736,0.8214260623229461,1412.0,4.0,Reliever,0.4616876818622697,0.4772065955383123,0.015518913676042634,0.4616876818622697,0.4626576139670223,0.0009699321047526576
502624,0.6547913811658498,0.5686071044216818,-0.08618427674416802,0.06903551821325801,0.0502031450067767,0.07163930927020155,0.42651634806711103,-0.2282750330987388,0.0904862287186415,0.0697260230647913,0.05873985122484466,0.8359326904152725,4064.8,4.0,Starter,0.5255442025766326,0.3967125721901377,-0.12883163038649487,0.5255442025766326,0.4953354064860062,-0.030208796090626374
502706,0.6041289933694997,0.5755182535314621,-0.028610739838037587,0.03261884553377965,0.03527960010065912,0.037780153659747316,0.455286710171135,-0.14884228319836462,0.041438367589601566,0.044704574127536166,0.07137199842451684,0.7192703730532417,2208.8,3.0,Starter,0.5508543531326282,0.5475996745321401,-0.003254678600488225,0.5508543531326282,0.516680227827502,-0.0341741253051262
503285,0.4432710280373832,0.4608041277258567,0.01753309968847351,0.01819602674250624,0.07098083596285064,0.07185798478670273,0.4557904984423676,0.012519470404984412,0.047106863117081316,0.04775370764537665,0.1620833761838431,0.521180174563591,1283.2,4.0,Reliever,0.4613861386138614,0.4118811881188119,-0.04950495049504955,0.4613861386138614,0.3782178217821782,-0.08316831683168319
503449,0.6421572996341869,0.6282251413368807,-0.013932158297306272,0.033389962900156764,0.030721142249367894,0.016592773286550032,0.5309454605919521,-0.11121183904223478,0.046995315217084506,0.06058084957767813,0.03184400331173464,0.6221348039215686,3100.8,3.0,Starter,0.584299732381802,0.5727029438001784,-0.011596788581623607,0.584299732381802,0.4843889384478144,-0.09991079393398757
504379,0.6933520272177853,0.6880965255214588,-0.005255501696326448,0.0416708651617563,0.03278181033905668,0.010289567500411951,0.589696192476828,-0.10365583474095733,0.05478826805741844,0.057809423882736174,0.033973662211381934,0.4802204517326732,2585.6,3.0,Starter,0.7218543046357616,0.6655629139072847,-0.05629139072847689,0.7218543046357616,0.5753311258278145,-0.14652317880794707
516969,0.6893489606368863,0.6750650154798762,-0.014283945157010147,0.05672750172230585,0.0388261930300456,0.023297061810066237,0.5338354710305175,-0.15551348960636885,0.05298994732948762,0.027393291426971732,0.07118829581663733,0.7856332492643967,1903.2,3.0,Starter,0.682233502538071,0.617258883248731,-0.06497461928934001,0.682233502538071,0.4954314720812183,-0.18680203045685276
517414,0.5490870048021416,0.5165015700722895,-0.032585434729852,0.0351027845627216,0.03195997897331008,0.042613228563224415,0.4953905325008641,-0.05369647230127739,0.038180284809456906,0.07038741449302588,0.040662826956743385,0.8653790260736196,2086.4,3.0,Starter,0.5548141086749285,0.5376549094375596,-0.017159199237368968,0.5548141086749285,0.4470924690181125,-0.10772163965681604
517593,0.6873626373626374,0.6875457875457875,0.0001831501831501825,0.02387002738039577,0.028452603478688568,0.006562810574054581,0.5631868131868132,-0.1241758241758242,0.023347158945021932,0.028967851897095317,0.03865876228019227,0.6751249084249084,4368.0,3.0,Starter,0.5949298813376483,0.5997842502696872,0.004854368932038833,0.5949298813376483,0.5507011866235167,-0.0442286947141316
518516,0.5808372879113212,0.5322687549244269,-0.048568532986894265,0.08582741238093727,0.08615610962096887,0.04802373009468328,0.463059429939313,-0.1177778579720082,0.04828869381947476,0.07366232812612439,0.07793493673682733,0.6076447480181201,5651.2,4.0,Starter,0.395896197948099,0.4146047073023537,0.018708509354254662,0.395896197948099,0.3663246831623416,-0.029571514785757425
518553,0.4745164452053946,0.4764618304983809,0.001945385292986468,0.10747046806220227,0.11954342267981145,0.05486845492644098,0.5013932829617499,0.0268768377563554,0.09233830837969556,0.0610046832487085,0.0785290084891243,0.6620082171314741,1606.4,4.0,Reliever,0.4842249657064472,0.5157750342935528,0.031550068587105566,0.4842249657064472,0.5459533607681756,0.061728395061728385
518633,0.4611590760710508,0.440620380167646,-0.0205386959034047,0.027407886945270316,0.0335026678991884,0.04112640652792155,0.41309237038204377,-0.048066705689006964,0.017199742606580103,0.03769763343705807,0.0460353247067749,0.8310381708971128,4128.8,4.0,Starter,0.22031662269129287,0.23702726473175026,0.016710642040457357,0.22031662269129287,0.27440633245382584,0.05408970976253297
518716,0.3390051268831987,0.3288716560691986,-0.01013347081400012,0.15954453201294466,0.0889974145313204,0.10078646648002726,0.3924750816291459,0.053469954745947186,0.0607598394109901,0.16325243216199806,0.12330878845163007,0.7247957986373958,2113.6,4.0,Starter,0.4681647940074906,0.18476903870162295,-0.28339575530586764,0.4681647940074906,0.2222222222222222,-0.2459425717852684
518748,0.5048822695035462,0.4983886524822696,-0.00649361702127661,0.07808385085404647,0.06802086410672288,0.12478161772523493,0.6091787234042553,0.1042964539007092,0.03894565952910715,0.07556551477218677,0.08442293225450018,0.5328045793397231,1502.4,2.0,Reliever,0.4364583333333333,0.471875,0.03541666666666665,0.4364583333333333,0.5802083333333333,0.14375
518875,0.5346413316157027,0.5421859109092142,0.00754457929351141,0.07555344510521325,0.03620539634162439,0.07852891274442547,0.5730676656044478,0.03842633398874499,0.05080127292872097,0.046098082428478016,0.08448731853020951,0.4013613861386139,1373.6,2.8,Reliever,0.40899795501022496,0.43149284253578735,0.02249488752556239,0.40899795501022496,0.5296523517382413,0.12065439672801635
518886,0.6932446891800199,0.6324899525027402,-0.060754736677279625,0.024769989977586938,0.07593539681881474,0.083409026649376,0.6349639855942376,-0.05828070358578215,0.01152857016422668,0.028814259033264164,0.028279865634265926,0.5097476993865031,1564.8,2.0,Reliever,0.6838602329450915,0.6472545757071547,-0.03660565723793674,0.6838602329450915,0.5058236272878536,-0.1780366056572379
519076,0.3798085291557876,0.4208877284595301,0.0410791993037424,0.04990399440395109,0.04581102629052139,0.03362372852638173,0.4551784160139252,0.07536988685813753,0.049266684080360834,0.0312036843729108,0.06291354078134592,0.5774290687554395,4596.0,3.0,Starter,0.3475099963649582,0.395856052344602,0.04834605597964376,0.3475099963649582,0.3980370774263904,0.050527081061432166
519096,0.5780459435882523,0.4846023170750371,-0.09344362651321528,0.06765280917802304,0.08753614489893649,0.08598036197495286,0.4093295174545844,-0.16871642613366802,0.03778597527041805,0.07046870104100413,0.09564111122381233,0.463841814159292,1446.4,4.0,Reliever,0.6879432624113475,0.4633569739952719,-0.22458628841607564,0.6879432624113475,0.5,-0.1879432624113475
519141,0.5149459360565934,0.4850259581170157,-0.029919977939577787,0.060016498545647515,0.022700412926566656,0.04636582008278595,0.4787888510019992,-0.03615708505459425,0.054895382650709,0.03494462967350288,0.05629753867943095,0.7758938277291569,3473.6,4.0,Starter,0.6150857882809971,0.4642279054710262,-0.15085788280997092,0.6150857882809971,0.4800906442214309,-0.13499514405956625
519144,0.35254784034991793,0.39546056913744176,0.042912728787523766,0.039587075812182265,0.0510450904643632,0.05424837503316151,0.4083688718789867,0.05582103152906871,0.03798000007346601,0.03186488316781415,0.1054271124885509,0.5339561955469506,4958.4,5.0,Starter,0.25470878006374964,0.2549985511445957,0.0002897710808461018,0.25470878006374964,0.3031005505650536,0.048391770501303936
519240,0.5991679823572162,0.6140189960654587,0.014851013708242513,0.04425283483960458,0.022591722107102183,0.02447560227962266,0.6118662757186176,0.012698293361401405,0.02416095352631001,0.04275622010065328,0.08497674182440995,0.6808190509915014,1129.6,3.0,Reliever,0.6,0.614,0.014000000000000012,0.6,0.584,-0.016000000000000014
519242,0.5685376353073933,0.5059534153224832,-0.06258421998491025,0.03436146589660545,0.09186602063349783,0.080277003674231,0.4541834483395768,-0.1143541869678166,0.05044552874024785,0.02307932882527112,0.057273750435369676,0.6653857164046277,5393.6,3.0,Starter,0.4854126146151709,0.4784662406223951,-0.006946373992775756,0.4854126146151709,0.4440122256182273,-0.041400388996943586
519322,0.363060207471693,0.35610549867787644,-0.006954708793816522,0.018058467062678888,0.062058536123357065,0.060819419983099685,0.4446335344769137,0.0815733270052207,0.03765971268537773,0.04430304934634948,0.1087431515038358,0.6366783216783216,1372.8,4.0,Reliever,0.38613861386138615,0.31353135313531355,-0.0726072607260726,0.38613861386138615,0.3553355335533553,-0.030803080308030806
519455,0.5841501564129301,0.5153284671532847,-0.06882168925964544,0.0591762022664901,0.08589499128675439,0.11724734758297893,0.4517205422314911,-0.13242961418143903,0.029636203241193745,0.08538356948465863,0.08356758633316952,0.4095543274244004,3836.0,4.0,Starter,0.5384324119651647,0.4994320333207118,-0.039000378644452834,0.5384324119651647,0.3422945853843241,-0.19613782658084056
521230,0.722720658019614,0.6211209532848254,-0.10159970473478856,0.051535087509795297,0.1643956379689499,0.19296215687195767,0.5918559527575662,-0.13086470526204785,0.03178399875090312,0.03326274285176198,0.0404850674066797,0.6047438016528925,1742.4,4.0,Starter,0.7437661220980224,0.5270851246775581,-0.21668099742046432,0.7437661220980224,0.645743766122098,-0.09802235597592436
523260,0.6498422712933755,0.589589905362776,-0.06025236593059938,0.060235021534517624,0.0623728792109312,0.0728317319909825,0.4801261829652997,-0.16971608832807572,0.054635184027311684,0.0682628267208931,0.060157560395418634,0.4651216088328076,2536.0,3.0,Starter,0.6262814538676608,0.6076421248835042,-0.018639328984156545,0.6262814538676608,0.6104380242311277,-0.01584342963653307
527048,0.6182857142857143,0.5645714285714286,-0.053714285714285694,0.04972151014831076,0.08611411508182924,0.09501260925986273,0.4473142857142857,-0.17097142857142855,0.04005286302793714,0.040795998203105095,0.04275604650779472,0.6215402285714285,3500.0,3.0,Starter,0.585480093676815,0.5787888926062228,-0.006691201070592179,0.585480093676815,0.4322515891602543,-0.15322850451656073
527054,0.5448109412711182,0.5076427996781979,-0.03716814159292033,0.04963842900911697,0.055491036137254576,0.02216349852320058,0.4131938857602575,-0.1316170555108608,0.05698850655256034,0.05303050474951962,0.041307992148113516,0.7807979887369267,4972.0,4.0,Starter,0.6507832898172323,0.5035900783289817,-0.1471932114882506,0.6507832898172323,0.38609660574412535,-0.26468668407310697
533167,0.5069306930693069,0.4470847084708472,-0.05984598459845985,0.04798497773878966,0.07683337174932,0.07605444890337977,0.4288228822882288,-0.07810781078107812,0.04243288455823962,0.08561089750646303,0.07393125476935533,0.5943177117711771,3636.0,4.0,Starter,0.4877081681205392,0.42664551942902457,-0.061062648691514676,0.4877081681205392,0.4877081681205392,0.0
534812,0.3837628958196672,0.6203375275806549,0.23657463176098756,0.32951875754111404,0.12184892427742502,0.21798565524861152,0.7027860933866064,0.319023197566939,0.054436422753568615,0.3061368053815686,0.22525962900062,0.4356344558321133,1639.2,4.0,Reliever,0.1568627450980392,0.1588235294117647,0.0019607843137254832,0.1568627450980392,0.18823529411764706,0.031372549019607836
534910,0.6910364061355725,0.6560788916644095,-0.03495751447116302,0.034539580413989135,0.042186112839447135,0.049880915078655635,0.4809642760405694,-0.2100721300950031,0.04305630626787315,0.05780527373848542,0.0291563906492592,0.8607982534706672,1786.4,4.0,Starter,0.6201163757273483,0.5511221945137157,-0.06899418121363265,0.6201163757273483,0.5461346633416458,-0.0739817123857025
541640,0.3011230660488494,0.35566959154094946,0.054546525492099984,0.11523766862893005,0.039728516491274415,0.08695479000505885,0.35008317685612894,0.04896011080727957,0.04091485769973215,0.1474977063575893,0.09092535947013627,0.6180260555852485,2993.6,5.0,Starter,0.3839195979899497,0.25879396984924624,-0.1251256281407035,0.3839195979899497,0.3211055276381909,-0.06281407035175879
542960,0.5421089646381397,0.5042306762488737,-0.037878288389266185,0.029163295792815788,0.032406608010888814,0.040793174122295946,0.3950916829666747,-0.14701728167146508,0.030438056823954087,0.045876688735727617,0.05110324903582526,0.8494247702909649,2089.6,4.0,Reliever,0.625531914893617,0.4519148936170213,-0.17361702127659578,0.625531914893617,0.3812765957446809,-0.24425531914893614
543037,0.6716332378223495,0.633046800382044,-0.03858643744030563,0.012834060769620494,0.04382028946380796,0.0518708185228875,0.436676217765043,-0.23495702005730654,0.03264408378610733,0.03326745048412607,0.02872808330292528,0.7770069723018147,4188.0,4.0,Starter,0.6014647543484894,0.6002441257247483,-0.0012206286237411712,0.6014647543484894,0.5807140677448887,-0.0207506866036008
543144,0.3743880243880244,0.4032077532077533,0.028819728819728812,0.10013356764788076,0.05175262782223039,0.13346809761955608,0.5145759395759395,0.1401879151879152,0.058880505387049475,0.0862120708690198,0.1259276554901946,0.8001267700606879,1186.4,4.0,Reliever,0.5579793340987371,0.4741676234213548,-0.08381171067738236,0.5579793340987371,0.5545350172215844,-0.003444316877152742
543243,0.34623476244276624,0.4156738221244376,0.06943905968167133,0.10832365113168886,0.06617625044394745,0.09725343721147603,0.4746185407623238,0.12838377831955758,0.06716024888377903,0.06972633742574284,0.09580156863799837,0.8412452717499502,4018.4,4.0,Starter,0.2972685349414686,0.3515431003902093,0.054274565448740715,0.2972685349414686,0.4004966300106421,0.10322809506917346
543272,0.6536710397625712,0.6600406956482636,0.006369655885692449,0.04141157535616621,0.041377207614563684,0.009563105831656241,0.5686013962429597,-0.08506964351961148,0.06312178680098901,0.10064962599073148,0.07426964113752213,0.6929624539054643,2386.4,3.0,Starter,0.5103906899418121,0.6126350789692435,0.10224438902743138,0.5103906899418121,0.6342477140482128,0.12385702410640065
543294,0.6922616948346575,0.6733995099496078,-0.018862184885049527,0.1167782416694303,0.11307765625101213,0.04130600591310492,0.5223962275366052,-0.16986546729805235,0.11382135303976293,0.0644274683481032,0.08559759153143033,0.5944891092327699,4921.6,4.0,Starter,0.6767955801104972,0.6827150749802684,0.005919494869771169,0.6767955801104972,0.4060773480662984,-0.2707182320441989
543359,0.38524467886731134,0.4528690162231279,0.0676243373558166,0.013927790633359973,0.16700782567188974,0.17895252278753485,0.5786648552172408,0.19342017634992945,0.07421288983188384,0.07563077278236383,0.1826571387872685,0.5453220732336256,1551.2,4.0,Reliever,0.475,0.2067307692307692,-0.2682692307692308,0.475,0.2076923076923077,-0.26730769230769225
543408,0.5227242524916943,0.4774112570822018,-0.045312995409492574,0.06643971824156532,0.07077846766344066,0.07910964551875985,0.4339290883776071,-0.0887951641140872,0.01584725420012219,0.054246387673634634,0.07082267028720272,0.5861863379814076,4819.2,4.0,Starter,0.5207517619420516,0.4643696162881754,-0.05638214565387624,0.5207517619420516,0.35160532498042285,-0.1691464369616288
543475,0.5891173512011321,0.5342574122380782,-0.0548599389630539,0.07005934537165863,0.08390864738632517,0.07244524276785037,0.4260327689973232,-0.16308458220380884,0.054974418055472415,0.0941867458347064,0.08195903842623728,0.7576265341905318,1368.8,4.0,Starter,0.5371109337589784,0.4924181963288109,-0.044692737430167606,0.5371109337589784,0.4549082202713488,-0.0822027134876297
543506,0.490828320802005,0.4496942355889724,-0.041134085213032585,0.07922642989114505,0.06239035021963647,0.10214726061605373,0.5252982456140349,0.03446992481203005,0.030383887363250508,0.0850463390211824,0.06915994850067445,0.5316159238858287,1597.6,3.8,Starter,0.5697560975609756,0.3434146341463415,-0.2263414634146341,0.5697560975609756,0.5541463414634147,-0.015609756097560878
543521,0.35295916531750315,0.3856420967052376,0.03268293138773441,0.03279499214160854,0.056359796227157075,0.08621007625135173,0.4087327675023304,0.05577360218482722,0.03121806966321488,0.0607693944595917,0.057057493354662224,0.6914443595230816,5233.6,4.0,Starter,0.5038103302286198,0.32514817950889074,-0.17866215071972902,0.5038103302286198,0.38187976291278575,-0.12193056731583403
543548,0.572276112455781,0.5457507912865389,-0.026525321169242173,0.056408757402576476,0.040962257676470666,0.04434178504332949,0.4853286166449451,-0.08694749581083594,0.07429164301923627,0.08862759821710786,0.0505051879403868,0.9176243136058572,2622.4,4.0,Starter,0.5184757505773672,0.5046189376443418,-0.01385681293302532,0.5184757505773672,0.4353348729792148,-0.08314087759815236
543606,0.5775224355255885,0.5304250977608833,-0.04709733776470508,0.07987233897811398,0.07631533494795502,0.03957664416660255,0.3501248200039583,-0.22739761552163024,0.038616925260274784,0.10885088135205344,0.08091384495931217,0.8288916886979512,4841.6,6.0,Starter,0.4860633829705995,0.4635357006491027,-0.02252768232149677,0.4860633829705995,0.4131347842688049,-0.07292859870179458
543699,0.5623800383877159,0.5088291746641075,-0.053550863723608434,0.06470636403469318,0.08981289975025666,0.08453668857428515,0.3936660268714011,-0.16871401151631474,0.06412127611507823,0.02919359926996673,0.046594820008212426,0.5394251439539348,4168.0,4.8,Starter,0.5636476812947401,0.4254590725178961,-0.13818860877684402,0.5636476812947401,0.3544973544973545,-0.2091503267973856
543766,0.7390215716486903,0.725911061740782,-0.013110509907908408,0.0676641784974568,0.055919221981443584,0.020250992998896808,0.6345029920808399,-0.10451857956785036,0.04672162855654381,0.049794046179994715,0.06125479302286802,0.6612660744500846,1891.2,3.0,Reliever,0.8808777429467085,0.3691222570532916,-0.5117554858934171,0.8808777429467085,0.7774294670846394,-0.10344827586206906
543779,0.5987394957983194,0.4941176470588236,-0.10462184873949584,0.1608206656218877,0.12917281224251348,0.12550582635752713,0.5936974789915966,-0.0050420168067226824,0.09417390275534038,0.09748080264907026,0.15006261699892304,0.7350109243697479,1904.0,3.0,Reliever,0.6264705882352941,0.28823529411764703,-0.3382352941176471,0.6264705882352941,0.3647058823529412,-0.2617647058823529
544928,0.49445413782105396,0.5360818746364984,0.04162773681544433,0.043625544594023465,0.026972732087515928,0.04161692538305679,0.496949400574098,0.002495262753044036,0.051210648318736736,0.08115017254826569,0.04284834281544464,0.6508344553243575,1307.2,3.0,Starter,0.4261931187569367,0.4250832408435072,-0.00110987791342948,0.4261931187569367,0.4517203107658158,0.02552719200887904
544931,0.6235294117647059,0.5911764705882353,-0.032352941176470564,0.011478417098611594,0.03371420307214981,0.03826540355078466,0.3907239819004525,-0.23280542986425334,0.034509494086723116,0.035394045797536924,0.08674255018620107,0.6530265837104072,3536.0,4.0,Starter,0.5175070028011205,0.5168067226890757,-0.0007002801120448153,0.5175070028011205,0.4747899159663865,-0.04271708683473397
545333,0.5666213300254869,0.5589484026478726,-0.007672927377614314,0.03976414750084819,0.03498171412121569,0.03405403394705754,0.4309549545237592,-0.1356663755017277,0.024146608117760343,0.034503263959951166,0.04559588172957108,0.6653943420838089,4906.4,4.0,Starter,0.4936325045482111,0.4802910855063675,-0.01334141904184355,0.4936325045482111,0.454214675560946,-0.039417828987265036
547749,0.5526484751203852,0.5156847008466309,-0.036963774273754434,0.059776263435165726,0.08674647258324696,0.06587809742690799,0.4999669530733642,-0.05268152204702102,0.042193471951978576,0.03422362769956662,0.056230840938359235,0.3921499439461884,1427.2,3.0,Reliever,0.5671175858480749,0.5327783558792925,-0.03433922996878247,0.5671175858480749,0.4963579604578564,-0.07075962539021853
547888,0.3905243427743788,0.4166667554149782,0.02614241264059953,0.212655266531372,0.1325758809800409,0.12347693386546815,0.4373703165297281,0.0468459737553493,0.07278397240457425,0.15993726234495714,0.15683074246449982,0.65446024119088,4245.6,5.0,Starter,0.1740537043028146,0.2821093497250081,0.10805564542219344,0.1740537043028146,0.3125202199935296,0.13846651569071494
547973,0.4494381726796665,0.5893239651588116,0.1398857924791453,0.2614022512991247,0.08537194658438077,0.2382977066825015,0.6450260080875065,0.19558783540784014,0.04679150631350175,0.23862549290224025,0.2219307591830172,0.3086559229803265,1911.2,4.0,Starter,0.7691542288557214,0.2338308457711443,-0.5353233830845772,0.7691542288557214,0.4915422885572139,-0.27761194029850744
571561,0.8907698168206963,0.8827205273443969,-0.008049289476299303,0.06774935735814477,0.07113158770855782,0.009158583316133015,0.8119579979462719,-0.07881181887442443,0.09686612904585216,0.05643690299598701,0.07174557726050082,0.6451101841196777,1390.4,3.0,Starter,0.8075949367088607,0.7139240506329114,-0.09367088607594933,0.8075949367088607,0.7531645569620253,-0.0544303797468354
571666,0.5150736366070632,0.4780025884383089,-0.03707104816875427,0.07149444884505328,0.0706269842972325,0.0487435771444396,0.3764325667192288,-0.13864106988783434,0.0409327907145175,0.04243128424622508,0.05343564008919227,0.8330885497499569,4639.2,4.0,Starter,0.5313807531380753,0.4663370102700647,-0.06504374286801062,0.5313807531380753,0.3404336249524534,-0.19094712818562196
571704,0.571213866175285,0.5742945986410227,0.003080732465737657,0.0600220576529197,0.06902030339094971,0.033925424802814394,0.5861213482283388,0.014907482053053834,0.038627705547543516,0.030808702870210574,0.057634237563026575,0.5682211749232794,1824.8,2.8,Reliever,0.5416293643688451,0.5971351835273053,0.0555058191584602,0.5416293643688451,0.5711727842435094,0.029543419874664245
571871,0.6596202657641965,0.5258149604339821,-0.1338053053302145,0.04280407142051909,0.14461091179923213,0.1397824219483329,0.4510625591001841,-0.20855770666401235,0.0677391912693416,0.09979019228775517,0.0322968102503209,0.6180708245243128,1135.2,4.0,Reliever,0.5186522262334536,0.5186522262334536,0.0,0.5186522262334536,0.49338146811071,-0.025270758122743653
572020,0.7551142695631107,0.6769576570028802,-0.07815661256023043,0.06460534463593959,0.11027193541249676,0.12957369139211278,0.5909731082936285,-0.16414116126948236,0.11436292332501075,0.0540124748777293,0.06820994730872232,0.7889837491792514,2436.8,4.0,Starter,0.6539485359361136,0.6202307009760426,-0.03371783496007097,0.6539485359361136,0.5612244897959183,-0.09272404614019523
572096,0.7701398689660712,0.7226647390221793,-0.04747512994389178,0.03498446504792583,0.07675857629385907,0.08667161747365693,0.590957282021273,-0.17918258694479822,0.06557711958863004,0.0830681234395671,0.03283916662746845,0.7546506226053641,1670.4,3.0,Reliever,0.7426303854875284,0.6870748299319728,-0.05555555555555558,0.7426303854875284,0.5612244897959183,-0.18140589569161006
572888,0.4551037226484797,0.4813015061096903,0.026197783461210582,0.0617248045944005,0.069646922927589,0.11969853534141225,0.4590783366486692,0.003974614000189457,0.1113517004510951,0.16066777815283032,0.1043545728127242,0.6917785278745644,1836.8,4.0,Starter,0.5617455896007428,0.42804085422469823,-0.1337047353760446,0.5617455896007428,0.5663881151346333,0.0046425255338904394
572971,0.6070507288912019,0.5922655838693865,-0.014785145021815337,0.08096160304413344,0.06948482335741588,0.02557963907151028,0.49952423888509007,-0.10752649000611196,0.08233289939983139,0.04553967775169843,0.0713611145818893,0.5219729225023343,5140.8,3.0,Starter,0.6910599773670313,0.6631459826480574,-0.02791399471897393,0.6910599773670313,0.4907582044511505,-0.2003017729158808
573109,0.4178082191780822,0.460730593607306,0.04292237442922375,0.0715890871133005,0.05716705323126665,0.04920925566794923,0.4940639269406393,0.07625570776255709,0.0451246914286044,0.030480948435212124,0.05553455894420597,0.6880052511415524,1752.0,4.0,Reliever,0.2633969118982743,0.3151680290644868,0.05177111716621252,0.2633969118982743,0.3079019073569482,0.04450499545867392
573186,0.6363405336721728,0.6279542566709022,-0.008386277001270637,0.03564524440425198,0.03716205623467531,0.008751804502019055,0.5463786531130876,-0.08996188055908515,0.046527237575993134,0.07863001633564241,0.05294242664201091,0.6952024142312578,3148.0,3.0,Starter,0.6686862244897959,0.4164540816326531,-0.2522321428571428,0.6686862244897959,0.5778061224489796,-0.09088010204081633
592102,0.626676186149153,0.6443710651002791,0.017694878951126113,0.025416313943892214,0.022202498336556936,0.0374457304860113,0.6532322970078536,0.026556110858700573,0.016623185545476996,0.032875829315414766,0.024218179684819967,0.6924838904550946,1986.4,3.0,Reliever,0.5558176100628931,0.5817610062893082,0.02594339622641506,0.5558176100628931,0.5888364779874213,0.03301886792452824
592332,0.5695085255767303,0.5159478435305918,-0.05356068204613842,0.0805970024125972,0.03553880517093688,0.07863897809902458,0.4714142427281846,-0.09809428284854567,0.06196940114450961,0.04699137433474202,0.07372366340398775,0.5758402206619859,3988.0,3.0,Starter,0.6414699731102479,0.4986555123991634,-0.14281446071108456,0.6414699731102479,0.3645055273379145,-0.2769644457723335
592662,0.6629085360546029,0.6291123274671746,-0.03379620858742829,0.050242900076398624,0.03737997968018674,0.03047040218666405,0.4763378921084208,-0.18657064394618225,0.09460129194766942,0.05721356908229764,0.06627220698938778,0.7119587181381604,4331.2,3.0,Starter,0.5922261484098941,0.5911660777385159,-0.0010600706713780328,0.5922261484098941,0.5653710247349824,-0.02685512367491161
592665,0.6970759712942342,0.6539005196733483,-0.043175451620885895,0.04424176521054987,0.07419099450044074,0.054906604773908255,0.6107587230883444,-0.08631724820588964,0.045639288976794284,0.03099592499776758,0.030762113579410437,0.8155311387900355,1798.4,4.0,Reliever,0.668046357615894,0.6663907284768212,-0.0016556291390728006,0.668046357615894,0.6307947019867549,-0.03725165562913912
592836,0.6765616359209277,0.6332815401758078,-0.04328009574511989,0.04270544712171717,0.07433959876642536,0.0477349348146504,0.4770374726589906,-0.1995241632619372,0.05283904844199452,0.06999459136424895,0.04063378214974183,0.6326104225924423,3937.6,4.0,Starter,0.589605734767025,0.5623655913978495,-0.027240143369175573,0.589605734767025,0.5121863799283154,-0.07741935483870965
593372,0.5783987434184328,0.5823491585918028,0.003950415173369937,0.011813251120760877,0.015806420805497857,0.018526660551260482,0.5189730542896331,-0.05942568912879957,0.011829259334067834,0.022425963736822117,0.01945081018028274,0.5576913961875322,4658.4,3.0,Starter,0.5547375160051217,0.3409090909090909,-0.2138284250960308,0.5547375160051217,0.20102432778489115,-0.3537131882202305
594798,0.6383609415867479,0.6198779424585876,-0.018482999128160447,0.030097538902891595,0.024935221701961788,0.01455110447778556,0.4115082824760245,-0.2268526591107237,0.06421617871772863,0.05628978767923554,0.04055297493116557,0.5472977332170881,4588.0,4.0,Starter,0.5540796963946869,0.5534471853257432,-0.0006325110689436864,0.5540796963946869,0.5117014547754586,-0.04237824161922832
595014,0.6223248326696603,0.6120877258808293,-0.01023710678883093,0.04188973862163129,0.08117888049996431,0.10545641375532057,0.5523704627152903,-0.06995436995436996,0.08083230054415916,0.06916523811539678,0.03793510108222802,0.556365829640571,1624.8,3.0,Starter,0.6082214765100671,0.5444630872483222,-0.06375838926174493,0.6082214765100671,0.5268456375838926,-0.0813758389261745
607259,0.6090579710144928,0.5637681159420289,-0.04528985507246373,0.018700707102266574,0.046164027254003086,0.056293668433049136,0.4985507246376811,-0.11050724637681156,0.050327117298328894,0.06412122262501142,0.02437581959957861,0.5351018115942029,2208.0,3.0,Starter,0.6923076923076923,0.5373467112597548,-0.15496098104793754,0.6923076923076923,0.5,-0.1923076923076923
608379,0.6155901339071363,0.5523927231341028,-0.06319741077303362,0.0486364220246047,0.05595554111254535,0.0999899441589184,0.4415832340440667,-0.1740068998630697,0.08738122539793226,0.061524769984518876,0.04010481714607965,0.7563017533936651,4243.2,4.0,Starter,0.5432513049962714,0.5294556301267711,-0.013795674869500285,0.5432513049962714,0.4366144668158091,-0.10663683818046228
622072,0.2918856708679717,0.4711664687328405,0.17928079786486867,0.280015670941075,0.11509703799612815,0.1949988180225048,0.5480168307601936,0.25613115989222185,0.06863291463935282,0.2337189508833121,0.17760366088659366,0.7927644084934277,3164.8,4.0,Starter,0.0,0.4139630390143737,0.4139630390143737,0.0,0.4878850102669405,0.4878850102669405
628333,0.30641118979857485,0.3178863223538583,0.011475132555283448,0.06726915299659676,0.021433507702272626,0.056027939628024055,0.28643634037108123,-0.01997484942749355,0.024162751388329826,0.04933604718602971,0.04703812207330946,0.914810199386503,2086.4,6.0,Starter,0.3395445134575569,0.2556935817805383,-0.08385093167701863,0.3395445134575569,0.33436853002070394,-0.005175983436852993
